person_id,hh_id,relate,sex,age,school_id,work_id,tucaseid,infected
"5451406","2038600",1,2,22,"","1703138180000025","20031210032669",0
"5451679","2038700",1,2,55,"","","20030807032273",0
"5451680","2038701",1,1,40,"","1703108150000711","20040303040523",0
"5451681","2038701",2,2,36,"","","20050504050048",0
"5451682","2038701",5,2,17,"170993000925","","20060403060699",0
"5451683","2038701",3,1,16,"170993000925","","20031110033564",0
"5451684","2038701",3,2,14,"170993004265","","",0
"5451685","2038701",3,2,2,"","","",0
"5451883","2038800",1,1,77,"","","20031009033517",0
"5451884","2038800",3,2,43,"","","20060502061263",0
"5451885","2038800",5,1,42,"","","20030807032737",0
"5451886","2038800",21,2,76,"","","20030908031287",0
"5451887","2038801",1,2,26,"","1703182020100193","20070504070111",0
"5451889","2038801",3,1,2,"","","",0
"5451890","2038801",4,1,0,"","","",0
"5452081","2038900",1,2,83,"","","20041212041089",0
"5452082","2038901",1,1,46,"","","20050604051245",0
"5452083","2038901",2,2,51,"","","20060112052268",0
"5452283","2039000",1,1,43,"","","20060404061320",0
"5452284","2039000",2,2,43,"","","20040706042255",0
"5452285","2039000",3,2,22,"","1703138120000035","20030504033260",0
"5452286","2039000",3,2,13,"170993004265","","",0
"5452287","2039000",3,1,19,"","","20050605051854",0
"5452288","2039001",1,2,68,"","","20040112032618",0
"5452475","2039100",1,1,26,"","1703135140000039","20041008040653",0
"5452476","2039100",6,1,21,"","","20030112022413",0
"5452477","2039101",1,2,85,"","","20030504030813",0
"5452478","2039101",13,1,36,"","","20070504070135",0
"5452662","2039200",1,2,83,"","","20041212041089",0
"5452663","2039201",1,2,77,"","","20041212041089",0
"5452855","2039300",1,2,38,"","","20070908071065",1
"5452856","2039300",3,1,15,"170993000761","","20070504071473",1
"5452857","2039301",1,2,54,"","1703181230000562","20070201070095",1
"5452858","2039301",3,1,34,"","1703132060000174","20070706071824",1
"5452859","2039301",3,2,33,"","","20061211062184",1
"5452860","2039301",8,2,2,"","","",0
"5453079","2039400",1,1,49,"","1703128020000369","20030605030093",0
"5453080","2039400",19,1,57,"","","20030908030016",0
"5453081","2039401",1,2,37,"","","20030201030088",0
"5453082","2039401",3,2,19,"","1703132050002405","20060908062457",0
"5453083","2039401",3,1,9,"170993001014","","",0
"5453084","2039401",3,1,8,"170993001014","","",0
"5453085","2039401",3,2,7,"170993001014","","",0
"5453302","2039500",1,2,64,"","","20070302071820",0
"5453303","2039500",13,2,22,"","","20031009030051",0
"5453304","2039500",13,2,7,"170993000668","","",0
"5453305","2039500",13,2,6,"170993000668","","",0
"5453306","2039500",13,1,1,"","","",0
"5453307","2039501",1,2,78,"","","20060503061085",0
"5453308","2039501",3,2,39,"","","20030908030063",0
"5453309","2039501",6,2,72,"","1703108140000646","20060707061075",0
"5453310","2039501",8,1,19,"","1703133010000284","20031009031343",0
"5453311","2039501",3,2,47,"","","20041009042457",0
"5453646","2039600",1,2,35,"","","20050111040898",0
"5453647","2039600",3,2,18,"","1703125180000084","20070201070886",0
"5453651","2039601",1,2,58,"","","20030806031628",0
"5453654","2039601",3,1,30,"","1703128180000219","20050807051857",0
"5453863","2039700",1,2,41,"","","20040112031441",0
"5453864","2039700",3,2,14,"170993000761","","",0
"5453865","2039701",1,2,46,"","","20050201050038",0
"5453866","2039701",3,1,16,"170993000761","1703128290000221","20030403032035",0
"5453867","2039701",3,2,14,"170993000761","","",0
"5454066","2039800",1,1,39,"","","20030807033491",0
"5454067","2039800",2,2,38,"","","20061110062240",0
"5454068","2039800",3,1,18,"","","20031110033115",0
"5454069","2039800",3,1,14,"170993000761","","",0
"5454070","2039801",1,1,57,"","","20040504040513",0
"5454071","2039801",2,2,63,"","","20031008033327",0
"5454344","2039900",1,2,58,"","","20030504031194",0
"5454345","2039900",3,1,39,"","1703107090000121","20050806051399",0
"5454346","2039900",6,2,60,"","","20030908033622",0
"5454347","2039901",1,1,48,"","","20031008031831",0
"5454348","2039901",2,2,45,"","","20060404060127",0
"5454349","2039901",3,1,22,"","1703128180000169","20050112041292",0
"5454713","2040000",1,2,64,"","","20070403071014",0
"5454714","2040000",8,2,19,"","1703107090000120","20061211061622",0
"5454715","2040000",8,2,14,"170993000761","","",0
"5454716","2040000",8,2,3,"","","",0
"5454717","2040000",8,2,4,"","","",0
"5454718","2040000",8,1,1,"","","",0
"5454719","2040000",8,1,5,"170993001014","","",0
"5454720","2040000",8,1,24,"","","20030302030763",0
"5454721","2040000",11,1,3,"","","",0
"5454722","2040000",8,2,23,"","","20030706031102",0
"5454723","2040000",11,1,5,"170993001014","","",0
"5454724","2040000",8,1,21,"","1703182080000075","20070504072374",0
"5454725","2040001",1,2,34,"","","20070504071864",0
"5454726","2040001",3,2,10,"170993001014","","",0
"5458896","2041200",1,2,54,"","","20050101050006",0
"5458897","2041200",3,1,31,"","","20051211050007",0
"5458898","2041200",3,2,29,"","1703132010002222","20050112040513",0
"5458899","2041201",1,2,39,"","1703180430700214","20050705052236",0
"5458900","2041201",3,2,9,"170993001014","","",0
"5458901","2041201",3,1,12,"170993000668","","",0
"5459192","2041300",1,1,41,"","1703128160000056","20030503031903",0
"5459193","2041301",1,2,32,"","","20070908071065",0
"5459194","2041301",3,2,11,"170993001014","","",0
"5459195","2041301",3,2,7,"170993001014","","",0
"5459196","2041301",3,2,1,"","","",0
"5459469","2041400",1,2,35,"","","20030706030792",0
"5459470","2041400",3,2,11,"170993001014","","",0
"5459471","2041400",19,1,44,"","","20030302031530",0
"5459472","2041401",1,2,53,"","","20070201070524",0
"5459687","2041500",1,2,38,"","","20030706030557",0
"5459688","2041500",3,2,20,"","1703132010002204","20030705033282",0
"5459689","2041500",3,1,19,"","","20050605051605",0
"5459690","2041500",3,1,12,"170993000668","","",0
"5459691","2041501",1,2,44,"","","20041108040958",0
"5459692","2041501",3,2,18,"","1703141140000065","20060302060860",0
"5459899","2041600",1,2,29,"","1703128010000435","20050706051749",0
"5459900","2041600",3,1,12,"170993000767","","",0
"5459901","2041600",3,2,8,"170993000767","","",0
"5459902","2041600",3,2,3,"","","",0
"5459903","2041601",1,2,53,"","1703161020000074","20040201041556",0
"5459904","2041601",3,1,37,"","","20070706071824",0
"5460091","2041700",1,2,53,"","","20070908071124",0
"5460092","2041701",1,1,65,"","","20030605031709",0
"5460290","2041800",1,2,37,"","","20031110033183",0
"5460291","2041800",15,1,42,"","1703148040000082","20070706071618",0
"5460292","2041800",3,2,12,"170993004265","","",0
"5460293","2041800",3,1,15,"170993004265","","20060402061182",0
"5460294","2041800",3,1,14,"170993004265","","",0
"5460295","2041800",3,1,7,"170993000668","","",0
"5460296","2041800",3,2,9,"170993000668","","",0
"5460297","2041800",3,2,5,"170993001014","","",0
"5460298","2041800",3,2,4,"170993001052","","",0
"5460299","2041800",3,2,2,"","","",0
"5460300","2041800",6,1,41,"","","20070807070672",0
"5460301","2041800",21,2,32,"","1703108170000595","20050402051679",0
"5460302","2041801",1,1,47,"","","20060504062182",0
"5460491","2041900",1,1,41,"","1703181130200210","20060302061254",0
"5460492","2041900",2,2,36,"","","20061009061133",0
"5460493","2041900",3,1,20,"","","20030605033324",0
"5460494","2041901",1,1,26,"","1703141080000197","20070302072084",0
"5460753","2042000",1,2,68,"","","20061009061025",0
"5460754","2042000",8,2,17,"170993004265","","20050504051945",0
"5460755","2042000",8,1,12,"170993004265","","",0
"5460756","2042001",1,2,22,"","","20050908051152",0
"5460757","2042001",3,1,6,"170993001014","","",0
"5460758","2042001",19,1,21,"","","20040112033262",0
"5461001","2042100",1,2,53,"","","20030403031052",0
"5461002","2042100",6,2,40,"","","20030404033058",0
"5461003","2042101",1,1,28,"","","20061211061956",0
"5461004","2042101",2,2,21,"","","20030605032156",0
"5461247","2042200",1,2,82,"","","20031210031464",0
"5461248","2042200",8,1,30,"","","20041009041988",0
"5461249","2042200",3,2,50,"","1703141080000028","20030201033240",0
"5461250","2042200",3,2,50,"","","20070201070524",0
"5461251","2042201",1,1,48,"","1703169120000051","20041211040027",0
"5461252","2042201",5,2,19,"","","20031110031213",0
"5461253","2042201",5,2,17,"170993000925","","20050605052329",0
"5461254","2042201",21,2,49,"","1703108140001251","20030111021396",0
"5461508","2042300",1,2,51,"","","20040908040062",0
"5461509","2042300",3,1,29,"","","20041211041787",0
"5461510","2042300",3,1,18,"","","20060807061417",0
"5461511","2042300",21,1,53,"","1703128200000165","20060604062233",0
"5461512","2042301",1,2,68,"","","20071009071799",0
"5461766","2042400",1,2,36,"","","20041109041991",0
"5461767","2042400",3,2,17,"170993000925","1703128020000370","20031010032705",0
"5461768","2042400",3,1,13,"170993001052","","",0
"5461769","2042401",1,1,39,"","","20040605041284",0
"5461770","2042401",6,1,35,"","1703132010002154","20030605033337",0
"5462062","2042500",1,2,38,"","1703138200000008","20030401031845",0
"5462063","2042500",2,1,41,"","","20050908050669",0
"5462064","2042500",3,2,19,"","1703157020000076","20050604051094",0
"5462065","2042500",8,1,6,"170993001052","","",0
"5462066","2042500",8,2,2,"","","",0
"5462067","2042500",8,2,2,"","","",0
"5462068","2042501",1,2,31,"","1703161110000007","20040302041053",0
"5462070","2042501",4,1,2,"","","",0
"5462356","2042600",1,2,35,"","","20071211071764",0
"5462357","2042600",3,1,15,"170993004265","","20040908040087",0
"5462358","2042600",3,1,12,"170993001052","","",0
"5462359","2042601",1,2,35,"","1703133020000021","20050111040898",0
"5462360","2042601",3,2,18,"","1703128020000370","20070605070031",0
"5462361","2042601",3,2,11,"170993001052","","",0
"5462362","2042601",3,2,6,"170993001052","","",0
"5462363","2042601",3,2,5,"170993001052","","",0
"5462652","2042700",1,2,35,"","","20050111040898",0
"5462653","2042700",3,2,18,"","","20071211072475",0
"5462654","2042700",3,2,11,"170993001052","","",0
"5462655","2042700",3,2,6,"170993001052","","",0
"5462656","2042700",3,2,5,"170993001052","","",0
"5462657","2042701",1,1,30,"","1703102060000222","20060706061068",0
"5462888","2042800",1,2,81,"","","20030605033400",0
"5462889","2042801",1,1,48,"","1703108140001247","20060504062182",0
"5462890","2042801",3,1,26,"","","20040604041528",0
"5462891","2042801",3,2,23,"","","20030302030541",0
"5463139","2042900",1,1,43,"","","20060806061198",0
"5463140","2042901",1,2,83,"","","20040212033328",0
"5463141","2042901",8,1,27,"","","20040202040862",0
"5463142","2042901",3,1,46,"","","20060111051967",0
"5463413","2043000",1,1,44,"","","20030302033285",0
"5463414","2043001",1,2,53,"","","20061211061152",0
"5463663","2043100",1,1,75,"","","20050403051372",0
"5463664","2043101",1,1,32,"","","20040111032128",0
"5463665","2043101",11,1,14,"170993004265","","",0
"5463666","2043101",11,2,10,"170993001052","","",0
"5463667","2043101",11,2,9,"170993001052","","",0
"5463668","2043101",5,1,8,"170993001052","","",0
"5463669","2043101",3,2,5,"170993001052","","",0
"5463670","2043101",3,2,7,"170993001052","","",0
"5463671","2043101",19,2,25,"","","20060301061570",0
"5463672","2043101",21,2,8,"170993001052","","",0
"5464206","2043300",1,1,38,"","","20031111033544",0
"5467104","2044401",1,2,34,"","","20070302071621",0
"5469118","2045400",1,2,65,"","","20040807041221",0
"5469119","2045401",1,1,46,"","1703128020000345","20040605040641",0
"5469120","2045401",2,2,46,"","","20041110040519",0
"5469121","2045401",5,2,18,"","","20070112061463",0
"5469395","2045500",1,2,28,"","","20070605072520",0
"5469396","2045500",2,1,29,"","","20071211071969",0
"5469397","2045500",3,2,1,"","","",0
"5469398","2045501",1,2,29,"","1703107200000084","20040807042095",0
"5469399","2045501",3,2,10,"170993001052","","",0
"5469656","2045600",1,1,27,"","","20070807070039",0
"5469657","2045600",3,2,10,"170993001052","","",0
"5469658","2045600",3,2,0,"","","",0
"5469659","2045600",19,2,32,"","","20070201070532",0
"5469660","2045600",21,1,7,"170993001052","","",0
"5469661","2045601",1,1,31,"","1703132050002526","20041210041032",0
"5469662","2045601",2,2,32,"","1703132040000663","20030212021118",0
"5469935","2045700",1,1,69,"","","20060403060902",0
"5469936","2045700",2,2,55,"","","20030402032604",0
"5469937","2045701",1,1,45,"","","20030807031191",0
"5469938","2045701",13,1,24,"","","20050201051758",0
"5470223","2045800",1,1,29,"","1704384460100799","20031008033132",0
"5470224","2045800",18,1,31,"","1703138140000044","20030302032766",0
"5470225","2045801",1,1,37,"","1703142020000015","20051211051007",0
"5470226","2045801",7,2,60,"","","20031009032874",0
"5470495","2045900",1,2,45,"","1703142020000024","20040112030022",0
"5470496","2045900",3,2,15,"170993000925","","20060505061507",0
"5470497","2045901",1,2,50,"","","20071211070883",0
"5470498","2045901",6,2,41,"","","20061211061669",0
"5470499","2045901",13,2,20,"","","20050706052068",0
"5470500","2045901",3,2,20,"","1703180040000128","20071211070518",0
"5470501","2045901",11,2,1,"","","",0
"5470502","2045901",21,1,71,"","","20050201052171",0
"5470726","2046000",1,2,57,"","","20050112041645",0
"5470727","2046000",6,1,48,"","","20050201050958",0
"5470728","2046001",1,1,26,"","","20030403030778",0
"5470874","2046100",1,1,79,"","","20050201052171",0
"5470875","2046101",1,1,55,"","1703139040000025","20050807051294",0
"5471032","2046200",1,2,79,"","","20061110061734",0
"5471033","2046200",3,2,61,"","","20031211032021",0
"5471034","2046201",1,2,77,"","","20041212041089",0
"5471193","2046300",1,2,25,"","1703138140000056","20030302031486",0
"5471194","2046301",1,2,56,"","","20070503070903",0
"5471355","2046400",1,2,63,"","","20071210072477",0
"5471356","2046401",1,2,26,"","1703108180001216","20050302051339",0
"5471358","2046401",3,1,2,"","","",0
"5471359","2046401",4,1,0,"","","",0
"5471518","2046500",1,1,57,"","","20060807062237",0
"5471519","2046501",1,2,82,"","","20050907051938",0
"5471520","2046501",8,1,30,"","","20070807071838",0
"5471521","2046501",3,2,50,"","1703148010000069","20051211052491",0
"5471522","2046501",3,2,50,"","","20050111042524",0
"5471679","2046600",1,2,65,"","","20070504071495",0
"5471680","2046601",1,2,68,"","","20071009071031",0
"5471841","2046700",1,2,49,"","","20060706061725",0
"5471842","2046701",1,2,85,"","","20060302061418",0
"5471843","2046701",13,1,36,"","","20030504030945",0
"5472025","2046800",1,1,36,"","1703132020003402","20061008061745",0
"5472027","2046801",1,2,40,"","","20071010071858",0
"5472028","2046801",2,1,40,"","1703136020000013","20040605040509",0
"5472221","2046900",1,2,26,"","1703182790200125","20070504071063",0
"5472222","2046900",3,2,4,"170993001052","","",0
"5472223","2046900",19,1,25,"","1703128190000447","20051109052028",0
"5472224","2046901",1,1,39,"","1703108120000601","20030302033506",0
"5472417","2047000",1,2,59,"","","20061211061152",0
"5472418","2047000",3,1,29,"","1703128020000360","20040402041909",0
"5472419","2047001",1,1,81,"","","20030606030786",0
"5472420","2047001",2,2,51,"","1703108090000052","20040706042222",0
"5472629","2047100",1,2,77,"","","20030303030622",0
"5472630","2047100",19,1,62,"","","20030302031697",0
"5472631","2047101",1,1,52,"","1703141140000065","20051110051895",0
"5472837","2047200",1,2,66,"","","20030907030523",0
"5472838","2047201",1,2,42,"","1703133010000284","20051211051279",0
"5472839","2047201",3,1,12,"170993004957","","",0
"5473036","2047300",1,2,38,"","","20060504060070",0
"5473038","2047300",18,1,39,"","1703133010000153","20070505070123",0
"5473039","2047301",1,1,49,"","1703132020003424","20050403050863",0
"5473244","2047400",1,2,22,"","1703108150000594","20070707071138",0
"5473245","2047401",1,2,45,"","1703161060000043","20070112061839",0
"5473452","2047500",1,2,29,"","1703139050000007","20071009071404",0
"5473453","2047500",7,2,55,"","1703182350000006","20050112040041",0
"5473454","2047501",1,1,72,"","","20050301050524",0
"5473455","2047501",3,2,41,"","","20030403033130",0
"5473456","2047501",3,2,37,"","","20060201061261",0
"5473457","2047501",8,1,14,"170993000925","","",0
"5473458","2047501",8,1,6,"170993001094","","",0
"5473667","2047600",1,2,35,"","","20060403060888",0
"5473668","2047600",3,1,15,"170993000925","","20030504031829",0
"5473669","2047600",3,1,13,"170993004957","","",0
"5473670","2047600",3,2,8,"170993001094","","",0
"5473671","2047600",19,1,36,"","1703101080000092","20050201050142",0
"5473672","2047601",1,1,56,"","1703141130000035","20060201062456",0
"5473878","2047700",1,2,65,"","1703181540000164","20050504052154",0
"5473879","2047701",1,2,33,"","1703132010002191","20050504051117",0
"5474080","2047800",1,2,79,"","","20030605031145",0
"5474081","2047800",3,2,61,"","","20030807032354",0
"5474082","2047801",1,2,58,"","","20050201051183",0
"5474264","2047900",1,1,32,"","1703142020000023","20050112041738",0
"5474265","2047901",1,1,73,"","1703138010000009","20060302062230",0
"5474472","2048000",1,1,59,"","","20060504060810",0
"5474473","2048000",2,2,54,"","","20031210033499",0
"5474474","2048000",3,1,30,"","","20030403032655",0
"5474475","2048000",8,1,4,"","","",0
"5474476","2048001",1,1,48,"","","20030706031790",0
"5474726","2048100",1,1,58,"","1703141130000035","20070202071602",0
"5474727","2048100",2,2,38,"","1703101080000092","20070302071621",0
"5474728","2048100",3,1,5,"170993001094","","",0
"5474729","2048100",6,2,65,"","1703181520000054","20030605032341",0
"5474730","2048101",1,2,58,"","1703142030000011","20050302052349",0
"5474731","2048101",2,1,59,"","1703132050001492","20060706061882",0
"5474966","2048200",1,2,29,"","1703141140000064","20030907031764",0
"5474967","2048201",1,1,49,"","","20030807032549",0
"5474968","2048201",2,2,48,"","1703132010002023","20031109032765",0
"5474969","2048201",6,1,51,"","","20030503032832",0
"5475231","2048300",1,1,86,"","","20060403062457",0
"5475232","2048300",2,2,80,"","","20050604052532",0
"5475233","2048301",1,2,39,"","","20051009051241",0
"5475492","2048400",1,1,51,"","","20060111052240",0
"5475493","2048400",2,2,44,"","","20040503041256",0
"5475495","2048401",1,1,55,"","1703142010000014","20050908050778",0
"5475496","2048401",2,2,55,"","1703101080000088","20070403070810",0
"5475497","2048401",3,2,17,"","1703128190000252","20051211051461",0
"5475703","2048500",1,1,45,"","","20070807071068",0
"5475704","2048500",2,2,44,"","1703108170000597","20070302072257",0
"5475707","2048501",1,2,45,"","1703177070000345","20031110032467",0
"5475864","2048600",1,2,33,"","1703108150000738","20040705040640",0
"5475865","2048601",1,2,30,"","1703180860000045","20030112023461",0
"5475866","2048601",3,1,3,"","","",0
"5476018","2048700",1,1,66,"","1703132020003435","20030605031709",0
"5476019","2048700",3,1,33,"","1703128200000165","20030909032692",0
"5476020","2048701",1,1,57,"","1703125080000036","20030301032919",0
"5476021","2048701",2,2,48,"","1704384120200183","20050908051353",0
"5476184","2048800",1,1,60,"","","20060807062092",0
"5476185","2048801",1,2,34,"","1703132050002467","20040504041053",0
"5476335","2048900",1,2,66,"","","20061110060974",0
"5476336","2048901",1,1,32,"","1703132050002190","20050605051880",0
"5476491","2049000",1,1,41,"","1703141080000195","20060807060071",0
"5476492","2049000",2,2,41,"","1703108180001293","20040402042442",0
"5476493","2049000",5,2,21,"","","20030403030887",0
"5476494","2049000",5,1,15,"170993000925","","20060807060620",0
"5476495","2049001",1,2,39,"","1703138180000018","20050807052196",0
"5476657","2049100",1,1,34,"","","20070202072454",0
"5476658","2049101",1,1,22,"","1703108140001291","20030201031446",0
"5476811","2049200",1,1,47,"","1703126060000008","20030706030948",0
"5476812","2049201",1,2,36,"","1703132020003027","20040706041244",0
"5476960","2049300",1,2,76,"","","20051212051274",0
"5476961","2049300",2,1,67,"","1703126060000008","20030302031697",0
"5476962","2049301",1,2,56,"","1703181130200211","20041111041121",0
"5477112","2049400",1,2,50,"","1703182400200159","20070201070524",0
"5477113","2049400",3,2,17,"170993000925","1703138200000016","20060403061034",0
"5477114","2049401",1,1,23,"","1703138190000007","20030504031685",0
"5477280","2049500",1,2,36,"","1703103160000198","20050504050510",0
"5477281","2049500",18,2,35,"","","20030706031065",0
"5477282","2049501",1,2,80,"","","20060908060705",0
"5477427","2049600",1,2,67,"","","20031110031592",0
"5477428","2049600",2,1,79,"","","20070505071128",0
"5477429","2049601",1,2,29,"","","20051009051310",0
"5477578","2049700",1,2,28,"","1703132010000530","20040211032925",0
"5477579","2049700",3,2,12,"170993004957","","",0
"5477582","2049701",1,2,63,"","","20070404071252",0
"5477583","2049701",2,1,65,"","1703165050000051","20030808033251",0
"5477741","2049800",1,2,52,"","1703124360000057","20040402040687",0
"5477742","2049801",1,1,51,"","1703133010000284","20071010071740",0
"5477743","2049801",2,2,54,"","","20050403052003",0
"5477744","2049801",3,2,19,"","","20050605051733",0
"5477909","2049900",1,1,31,"","1703151010000056","20040908040787",0
"5477910","2049900",2,2,30,"","","20070303071810",0
"5477911","2049901",1,2,44,"","1703142040000035","20030504030839",0
"5477912","2049901",3,2,18,"","1703141130000035","20070312061206",0
"5478073","2050000",1,1,79,"","","20031211032839",0
"5478074","2050001",1,2,45,"","1703132010002038","20040112031441",0
"5478236","2050100",1,1,48,"","","20030606030120",0
"5478237","2050100",2,2,50,"","1703108140001287","20071211070883",0
"5478238","2050100",3,1,27,"","1703141140000063","20070706071767",0
"5478239","2050101",1,1,69,"","","20040908040916",0
"5478240","2050101",2,2,67,"","","20060707062341",0
"5478405","2050200",1,1,27,"","","20031210032131",0
"5478406","2050201",1,2,66,"","1703122070000059","20051110051189",0
"5478555","2050300",1,1,32,"","1703132020003437","20070112062420",0
"5478556","2050300",2,2,25,"","1703132050002450","20031009032414",0
"5478557","2050300",3,2,1,"","","",0
"5478558","2050301",1,2,80,"","","20030605033400",0
"5478715","2050400",1,2,55,"","","20030212022355",0
"5478716","2050401",1,2,77,"","","20060303061746",0
"5478717","2050401",19,1,62,"","","20050403052145",0
"5478870","2050500",1,2,23,"","","20070908070047",0
"5478871","2050500",16,1,23,"","1703139070000051","20030908032490",0
"5478872","2050501",1,1,45,"","1703108160000154","20030403033551",0
"5479027","2050600",1,1,76,"","","20031110031814",0
"5479028","2050601",1,2,37,"","1703128290000220","20040808041449",0
"5479177","2050700",1,2,66,"","1703138180000029","20061009061247",0
"5479178","2050701",1,1,26,"","1703141140000050","20050706050068",0
"5479337","2050800",1,2,45,"","1703167110000008","20050807050666",0
"5479338","2050801",1,1,79,"","","20031211032839",0
"5479498","2050900",1,2,30,"","","20060301061735",0
"5479499","2050900",2,1,29,"","1703128290000220","20030302032925",0
"5479500","2050901",1,2,50,"","1703141080000206","20070605071351",0
"5479501","2050901",3,1,24,"","1703141140000065","20030112023426",0
"5479653","2051000",1,2,38,"","1703132050002336","20070112062444",0
"5479654","2051000",6,2,32,"","1703129140000027","20040807040972",0
"5479655","2051001",1,2,41,"","1703151010000056","20050808051181",0
"5479656","2051001",3,2,21,"","1703128200000165","20070908070047",0
"5479657","2051001",13,2,11,"170993000984","","",0
"5479825","2051100",1,1,32,"","1703182540000115","20070605071268",0
"5479826","2051101",1,1,35,"","1703167200000028","20050807052303",0
"5479987","2051200",1,1,58,"","","20060112051767",0
"5479988","2051200",2,2,57,"","","20040706040716",0
"5479989","2051201",1,1,49,"","1703128010000439","20030212020798",0
"5479990","2051201",2,2,47,"","1703128340000012","20031010030507",0
"5479991","2051201",3,1,14,"170993000925","","",0
"5479992","2051201",4,2,10,"170993001094","","",0
"5480175","2051300",1,2,46,"","1703165050000201","20071211071139",0
"5480176","2051300",3,1,16,"170993000925","","20031009030630",0
"5480177","2051300",3,2,14,"170993000925","","",0
"5480178","2051301",1,2,24,"","1703141080000094","20070605071469",0
"5480379","2051400",1,2,76,"","","20070706070503",0
"5480380","2051401",1,1,41,"","1703106280000059","20030605031336",0
"5480381","2051401",2,2,40,"","","20060706060110",0
"5480382","2051401",3,1,10,"170993001094","","",0
"5480383","2051401",3,2,6,"170993001094","","",0
"5480583","2051500",1,2,30,"","","20050112041540",0
"5480584","2051500",3,2,10,"170993001094","","",0
"5480585","2051500",3,2,5,"170993001094","","",0
"5480586","2051501",1,2,31,"","","20061211061823",0
"5480777","2051600",1,1,26,"","1703132020003139","20060201062404",0
"5480778","2051601",1,1,81,"","","20070909071356",0
"5480779","2051601",13,1,40,"","1703103130000057","20070908072443",0
"5480960","2051700",1,2,42,"","","20031211032022",0
"5480961","2051700",3,1,18,"","1703132060000175","20071211070915",0
"5480962","2051700",3,1,13,"170993004957","","",0
"5480963","2051700",3,1,11,"170993001094","","",0
"5480964","2051700",3,2,9,"170993001094","","",0
"5480965","2051701",1,2,33,"","1703166020000053","20050403052392",0
"5481175","2051800",1,2,54,"","1703139030000007","20051009051451",0
"5481176","2051800",3,1,31,"","1703108140001217","20041110040046",0
"5481177","2051800",3,2,29,"","1703183040000045","20071009071403",0
"5481178","2051801",1,2,77,"","","20041212041089",0
"5481359","2051900",1,1,64,"","1703144020000169","20030706033514",0
"5481360","2051901",1,2,50,"","1703132050002516","20070605071351",0
"5481361","2051901",3,1,24,"","1703132020003208","20040212032099",0
"5481555","2052000",1,2,29,"","1703128030000162","20040707041443",0
"5481556","2052001",1,1,56,"","1703128200000159","20050909051364",0
"5481557","2052001",2,2,55,"","","20030201032637",0
"5481762","2052100",1,2,36,"","","20050504052126",0
"5481763","2052100",3,2,17,"170993004265","","20030605031965",0
"5481764","2052100",3,2,15,"170993004265","","20051210050582",0
"5481765","2052100",3,1,10,"170993000629","","",0
"5481766","2052100",6,1,48,"","","20050112042156",0
"5481767","2052100",8,1,0,"","","",0
"5481768","2052100",3,1,12,"170993004265","","",0
"5481769","2052101",1,2,22,"","","20070404072371",0
"5481770","2052101",3,1,8,"170993000629","","",0
"5481771","2052101",3,2,5,"170993000629","","",0
"5481772","2052101",3,1,4,"170993000629","","",0
"5481773","2052101",3,2,10,"170993000629","","",0
"5481774","2052101",3,1,9,"170993000629","","",0
"5481775","2052101",19,1,24,"","1703108150000739","20061211061956",0
"5482041","2052200",1,2,83,"","","20040807040051",0
"5482042","2052200",8,1,27,"","","20031211033192",0
"5482043","2052200",3,1,46,"","1703133010000259","20031109030968",0
"5482044","2052201",1,2,23,"","1703128010000377","20060403061294",0
"5482045","2052201",3,2,2,"","","",0
"5482046","2052201",19,1,20,"","1703132010000854","20050403050797",0
"5482320","2052300",1,2,41,"","1703144090000010","20070403070751",0
"5482321","2052301",1,2,45,"","","20041009040021",0
"5482322","2052301",3,2,15,"170993004265","","20060807062408",0
"5482608","2052400",1,2,68,"","","20070112060656",0
"5482609","2052400",8,2,17,"170993000761","1703132050002536","20061009062517",0
"5482610","2052400",8,1,12,"170993000668","","",0
"5482611","2052401",1,1,43,"","","20071009070079",0
"5482612","2052401",2,2,47,"","1703181750000151","20070503070942",0
"5482613","2052401",3,2,10,"170993000629","","",0
"5482614","2052401",4,1,8,"170993000629","","",0
"5482615","2052401",4,2,6,"170993000629","","",0
"5482916","2052500",1,1,31,"","1703128300000048","20061109061712",0
"5482917","2052500",2,2,32,"","1703142120000028","20061008062444",0
"5482918","2052501",1,1,48,"","1703132020002767","20050706050982",0
"5482919","2052501",2,2,45,"","","20070908070515",0
"5482920","2052501",3,1,22,"","1703133010000281","20030301031784",0
"5483211","2052600",1,2,64,"","","20071009072096",0
"5483212","2052600",13,2,22,"","","20040302041104",0
"5483213","2052600",13,2,7,"170993001014","","",0
"5483214","2052600",13,2,6,"170993001014","","",0
"5483215","2052600",13,1,1,"","","",0
"5483216","2052601",1,1,47,"","","20070504071618",0
"5483546","2052700",1,2,30,"","1703132010002232","20030201030510",0
"5483547","2052700",3,2,13,"170993004265","","",0
"5483548","2052700",18,1,41,"","","20030807032737",0
"5485096","2053100",1,1,59,"","1703165050000199","20031110031239",0
"5485097","2053100",2,2,56,"","","20071109070560",0
"5485098","2053101",1,1,26,"","1703128200000165","20030504032270",0
"5485366","2053200",1,2,26,"","","20070604071503",0
"5485367","2053200",3,1,8,"170993000668","","",0
"5485629","2053300",1,2,40,"","","20030807033594",0
"5485630","2053300",6,2,40,"","1703132050002118","20050907052165",0
"5485631","2053301",1,1,29,"","1703132010000493","20040807041095",0
"5485632","2053301",2,2,28,"","1703132040001193","20050503050954",0
"5485908","2053400",1,1,60,"","","20050212041317",0
"5485909","2053401",1,2,36,"","1703124150000022","20050212042250",0
"5485910","2053401",18,2,35,"","","20030604033134",0
"5495629","2056900",1,1,40,"","","20061211062362",0
"5495630","2056901",1,1,74,"","1703154010000051","20050605050663",0
"5495631","2056901",2,2,70,"","","20060111050676",0
"5495783","2057000",1,2,35,"","1703128290000220","20051009051561",0
"5495784","2057001",1,1,59,"","","20050201051764",0
"5495934","2057100",1,1,56,"","","20070705071890",0
"5495935","2057101",1,1,40,"","1703182090100223","20050201050958",0
"5496094","2057200",1,1,34,"","","20070101070878",0
"5496095","2057200",2,2,31,"","1703132020003438","20050112042267",0
"5496096","2057200",3,1,1,"","","",0
"5496097","2057201",1,2,29,"","1703132040001157","20060201061163",0
"5496098","2057201",19,1,28,"","1703132020003430","20030301032012",0
"5496266","2057300",1,1,79,"","","20060605060507",0
"5496267","2057300",2,2,69,"","","20040403040723",0
"5496268","2057301",1,2,29,"","1703108120000312","20050605050059",0
"5496269","2057301",3,2,10,"170993001094","","",0
"5496270","2057301",3,2,8,"170993001094","","",0
"5496441","2057400",1,1,44,"","","20050505051418",0
"5496442","2057400",2,2,31,"","","20071009071604",0
"5496443","2057401",1,2,40,"","1703132020002943","20070908070515",0
"5496444","2057401",2,1,40,"","","20060707061633",0
"5496611","2057500",1,1,72,"","","20050707050078",0
"5496612","2057500",3,2,41,"","1703176090000272","20030505031853",0
"5496613","2057500",3,2,37,"","1703141080000211","20040201040144",0
"5496614","2057500",8,1,14,"170993000925","","",0
"5496615","2057500",8,1,6,"170993001094","","",0
"5496616","2057501",1,2,66,"","","20061010061836",0
"5496759","2057600",1,2,79,"","","20050503050060",0
"5496760","2057600",8,2,25,"","1703132020003301","20040908040093",0
"5496761","2057600",3,1,44,"","1703141010000055","20060606061920",0
"5496763","2057601",1,1,32,"","1703108120000576","20070302072003",0
"5496911","2057700",1,2,33,"","1703141010000009","20070112062040",0
"5496914","2057701",1,2,58,"","","20061110061345",0
"5496915","2057701",2,1,64,"","","20050706050657",0
"5497096","2057800",1,2,51,"","1703108140001271","20050402050982",0
"5497098","2057801",1,2,34,"","","20060302062250",0
"5497261","2057900",1,2,52,"","","20070504072660",0
"5497262","2057901",1,1,27,"","","20040302041582",0
"5497427","2058000",1,1,35,"","","20030403033125",0
"5497428","2058001",1,2,47,"","1703132020003145","20031009032764",0
"5497625","2058100",1,1,23,"","","20050403051057",0
"5497626","2058100",2,2,25,"","","20070112061861",0
"5497627","2058100",6,1,22,"","","20070201070837",0
"5497628","2058100",12,1,22,"","1703128200000165","20050201050042",0
"5497629","2058101",1,2,49,"","1703128290000220","20070504072210",0
"5497630","2058101",2,1,67,"","","20071211071011",0
"5497813","2058200",1,2,26,"","1703141020000005","20040504040702",0
"5497814","2058201",1,1,26,"","","20030302031171",0
"5497997","2058300",1,1,31,"","1703141020000004","20051009052328",0
"5497998","2058301",1,1,34,"","1703141130000035","20050112040902",0
"5497999","2058301",6,2,36,"","","20070605070110",0
"5498184","2058400",1,1,49,"","","20050605050879",0
"5498185","2058400",2,2,46,"","","20060403061799",0
"5498186","2058401",1,2,45,"","1703124360000038","20041211041873",0
"5498187","2058401",2,1,48,"","1703141130000034","20030908031086",0
"5498188","2058401",3,2,17,"","","20030808030062",0
"5498374","2058500",1,2,39,"","1703130130000038","20050705052236",0
"5498375","2058500",3,2,9,"170993001094","","",0
"5498376","2058500",3,1,12,"170993004957","","",0
"5498377","2058501",1,1,25,"","","20060705061070",0
"5498549","2058600",1,2,30,"","","20060112050013",0
"5498550","2058601",1,2,24,"","","20070504070518",0
"5498733","2058700",1,1,21,"","","20071211071828",0
"5498734","2058700",18,1,21,"","","20030604032866",0
"5498735","2058700",18,2,21,"","1703108150000599","20040806041884",0
"5498736","2058701",1,2,31,"","1703132050002409","20030706032396",0
"5498922","2058800",1,2,42,"","1703132020000930","20040403041109",0
"5498923","2058801",1,2,54,"","","20031212032692",0
"5499107","2058900",1,2,56,"","","20050201051068",0
"5499108","2058901",1,2,30,"","1703128360000038","20061211061850",0
"5499109","2058901",13,1,16,"170993000925","1703108160000156","20070212062275",0
"5499110","2058901",16,2,24,"","1703141140000065","20030908032409",0
"5499291","2059000",1,2,73,"","1703176090000280","20060201062498",0
"5499292","2059001",1,2,46,"","","20031009033068",0
"5499470","2059100",1,2,35,"","1703181700000133","20070706072209",0
"5499471","2059100",3,1,1,"","","",0
"5499472","2059101",1,2,50,"","1703141130000035","20030807032300",0
"5499656","2059200",1,1,24,"","1703132050002523","20060403062109",0
"5499657","2059200",18,2,19,"","","20031110030195",0
"5499658","2059200",18,1,24,"","1703141030000003","20040706040013",0
"5499659","2059201",1,2,42,"","","20060201062543",0
"5499840","2059300",1,2,33,"","1703133040000082","20060403062418",0
"5499841","2059301",1,2,34,"","","20060505061006",0
"5500038","2059400",1,2,56,"","1703134050000026","20041109041317",0
"5500039","2059401",1,2,49,"","","20060112051723",0
"5500249","2059500",1,1,45,"","","20030605032477",0
"5500250","2059500",2,2,40,"","","20041211041845",0
"5500251","2059501",1,2,57,"","","20060112050542",0
"5500252","2059501",13,1,33,"","1703181380000010","20070907072491",0
"5500253","2059501",3,1,25,"","1703132010002232","20031007031811",0
"5500477","2059600",1,1,56,"","","20070201071044",0
"5500478","2059601",1,1,36,"","1703132050000070","20031212033215",0
"5500479","2059601",3,2,4,"","","",0
"5500708","2059700",1,1,37,"","1703141130000035","20031110030998",0
"5500709","2059701",1,1,28,"","","20030301031784",0
"5500710","2059701",2,2,23,"","1703132020003311","20040202040930",0
"5500711","2059701",3,1,4,"","","",0
"5500712","2059701",3,1,1,"","","",0
"5500904","2059800",1,1,57,"","","20030908033247",0
"5500905","2059801",1,2,38,"","1703177060000142","20040807041032",0
"5500906","2059801",3,2,9,"170993000903","","",0
"5501145","2059900",1,1,49,"","1703182090200091","20040403042210",0
"5501146","2059900",2,2,47,"","1703108140001266","20040908040829",0
"5501149","2059901",1,2,28,"","1703153020000020","20050201050554",0
"5501150","2059901",2,1,30,"","1703141070000022","20030705030586",0
"5501364","2060000",1,2,67,"","1703108120000392","20060202061537",0
"5501365","2060001",1,2,27,"","1703141130000024","20070605072004",0
"5501366","2060001",18,2,26,"","1703135100000047","20031110033062",0
"5501599","2060100",1,2,80,"","","20040605041706",0
"5501600","2060101",1,1,22,"","","20041009041601",0
"5501601","2060101",18,1,21,"","1703120020000069","20030111022773",0
"5501602","2060101",18,1,21,"","1703108140001283","20030112022550",0
"5501603","2060101",18,1,21,"","1703141140000064","20030201032110",0
"5501824","2060200",1,1,28,"","1703132050002530","20060605061496",0
"5501825","2060200",19,2,26,"","1703182990100080","20051211050048",0
"5501826","2060200",21,1,8,"170993000903","","",0
"5501827","2060201",1,2,40,"","1703108170000589","20060303061537",0
"5501828","2060201",2,1,42,"","","20030808030700",0
"5501829","2060201",3,1,13,"170993000903","","",0
"5501830","2060201",3,1,11,"170993000903","","",0
"5502057","2060300",1,2,25,"","","20040111032284",0
"5502058","2060300",19,1,27,"","1703116030000076","20040302041263",0
"5502059","2060301",1,2,19,"","","20060706062526",0
"5502297","2060400",1,2,23,"","","20071211070991",0
"5502298","2060400",7,2,44,"","1703108160000153","20030504032771",0
"5502299","2060401",1,2,75,"","","20030212020907",0
"5502300","2060401",8,2,36,"","1703141070000058","20030504031863",0
"5502301","2060401",8,2,7,"170993000903","","",0
"5502529","2060500",1,2,42,"","1703180700000102","20060111050843",0
"5502530","2060500",3,2,18,"","1703140010000031","20070302072388",0
"5502531","2060500",3,1,10,"170993000903","","",0
"5502532","2060500",3,1,6,"170993000903","","",0
"5502533","2060500",3,1,5,"170993000903","","",0
"5502534","2060501",1,1,29,"","1703123050000085","20060404061137",0
"5502535","2060501",19,2,18,"","1703132040001189","20040201041986",0
"5502779","2060600",1,2,28,"","","20031110031822",0
"5502780","2060600",18,2,28,"","1703141130000035","20040605042468",0
"5502781","2060600",21,2,0,"","","",0
"5502782","2060601",1,1,31,"","1703116030000069","20071110070988",0
"5503000","2060700",1,2,73,"","","20041212041089",0
"5503001","2060701",1,2,44,"","","20060302061253",0
"5503002","2060701",3,2,18,"","1703132040001186","20050303051352",0
"5503217","2060800",1,2,18,"","1703120020000062","20070707071463",0
"5503218","2060801",1,2,24,"","1703141130000035","20060707061869",0
"5503425","2060900",1,1,33,"","1703141130000035","20040112031636",0
"5503426","2060900",2,2,37,"","1703148040000082","20060403060735",0
"5503427","2060900",3,2,0,"","","",0
"5503428","2060901",1,1,41,"","1703141060000020","20030112021979",0
"5503429","2060901",5,2,19,"","1703180350000153","20060201060905",0
"5503430","2060901",3,1,8,"170993000903","","",0
"5503431","2060901",19,1,36,"","1703182710000036","20071211071831",0
"5503641","2061000",1,1,58,"","1703141070000053","20050605052007",0
"5503642","2061000",2,2,54,"","1703141130000035","20070112061967",0
"5503643","2061001",1,2,40,"","1703141060000025","20050301050834",0
"5503853","2061100",1,2,45,"","1703182710000036","20031211033528",0
"5503854","2061100",18,1,74,"","","20060605061746",0
"5503855","2061101",1,2,46,"","1703141140000065","20060404061484",0
"5504046","2061200",1,2,33,"","1703141130000035","20061109062420",0
"5504047","2061201",1,1,21,"","1703141060000007","20070908072341",0
"5504233","2061300",1,2,30,"","1703182090200090","20030908033385",0
"5504234","2061301",1,1,68,"","","20051212051130",0
"5504235","2061301",2,2,61,"","","20050302051291",0
"5504447","2061400",1,1,28,"","1703141140000065","20051009051107",0
"5504448","2061400",2,2,28,"","1703141080000198","20050212042470",0
"5504449","2061401",1,1,44,"","1703141130000035","20030706032780",0
"5504450","2061401",2,2,31,"","","20030112021653",0
"5504637","2061500",1,1,22,"","1703108150000661","20070201071286",0
"5504638","2061500",19,2,21,"","1703139070000050","20031009032078",0
"5504639","2061501",1,1,35,"","1703182090200060","20071109071319",0
"5504819","2061600",1,1,59,"","","20040112031099",0
"5504820","2061600",2,2,56,"","1703181460000044","20030111021823",0
"5504821","2061601",1,1,40,"","1703141120000015","20030606033669",0
"5505022","2061700",1,1,24,"","1703141130000035","20050403051764",0
"5505023","2061700",2,2,20,"","1703163030000048","20050302051724",0
"5505024","2061701",1,1,38,"","1703141060000019","20041110040105",0
"5505232","2061800",1,1,49,"","1703181180000101","20040806040561",0
"5505233","2061800",2,2,47,"","1703141060000025","20031009033351",0
"5505236","2061801",1,1,18,"","1703180680200025","20070111062270",0
"5505418","2061900",1,1,21,"","1703132010002232","20030504033092",0
"5505419","2061900",18,1,21,"","1703141060000020","20060705061405",0
"5505420","2061900",18,2,21,"","1703141120000015","20040112031229",0
"5505421","2061901",1,1,27,"","1703143100000015","20031210032647",0
"5505422","2061901",2,2,27,"","1703135030000064","20070201071148",0
"5505609","2062000",1,1,61,"","","20040908041491",0
"5505610","2062000",2,2,57,"","1703141080000210","20040403040572",0
"5505611","2062001",1,2,65,"","","20071009071312",0
"5505775","2062100",1,2,24,"","","20040706040783",0
"5505776","2062100",18,2,24,"","1703141130000035","20061109061134",0
"5505777","2062101",1,2,28,"","1703141130000035","20031211030865",0
"5505779","2062101",7,1,53,"","1703132010002193","20051008051523",0
"5505966","2062200",1,1,23,"","1703141070000036","20070112061197",0
"5505967","2062201",1,1,23,"","","20041211040778",0
"5506176","2062300",1,2,25,"","1703145030000117","20050112042230",0
"5506177","2062300",19,1,27,"","1703182210200243","20030301032262",0
"5506178","2062301",1,2,26,"","","20060908062432",0
"5506359","2062400",1,2,29,"","","20070201072294",0
"5506360","2062400",19,1,28,"","1703141090000041","20030301032012",0
"5506361","2062401",1,2,65,"","1704384610100575","20060112050914",0
"5506362","2062401",3,1,45,"","1703141140000065","20050403051432",0
"5506363","2062401",3,1,40,"","1703124350000216","20060504061139",0
"5506364","2062401",18,1,51,"","1703141070000055","20070302070721",0
"5506561","2062500",1,1,62,"","1703141140000065","20040201040520",0
"5506562","2062500",2,2,59,"","","20070211060629",0
"5506563","2062501",1,2,44,"","1703141140000065","20030201031818",0
"5506754","2062600",1,2,36,"","1703114080000138","20051110051304",0
"5506755","2062601",1,1,22,"","1703141140000060","20030504031068",0
"5506756","2062601",19,2,21,"","1703114080000113","20031211031404",0
"5506937","2062700",1,1,28,"","1703136020000008","20071110071941",0
"5506938","2062700",2,2,25,"","1703141070000053","20070706071226",0
"5506939","2062701",1,1,70,"","1703141130000035","20040302040954",0
"5506940","2062701",16,1,54,"","1703124350000224","20071211070650",0
"5507111","2062800",1,1,37,"","1703182480000110","20030605032076",0
"5507112","2062800",2,2,37,"","1703141050000011","20050112042051",0
"5507113","2062801",1,1,33,"","1703141120000014","20051211052456",0
"5507114","2062801",2,2,37,"","1703141140000063","20041010040708",0
"5507115","2062801",3,2,0,"","","",0
"5507279","2062900",1,1,29,"","1703141070000055","20030605032499",0
"5507280","2062900",18,1,31,"","1703132030001072","20070605071503",0
"5507281","2062901",1,1,68,"","","20061210061979",0
"5507282","2062901",2,2,70,"","","20030212022777",0
"5507477","2063000",1,1,49,"","1703180420100250","20031110031876",0
"5507478","2063000",2,2,47,"","","20030807031199",0
"5507481","2063001",1,1,59,"","","20030504031470",0
"5507664","2063100",1,2,42,"","1703132040001185","20050705051497",0
"5507665","2063100",7,2,61,"","1703141090000060","20071211070945",0
"5507666","2063100",8,1,6,"","","",0
"5507667","2063101",1,2,40,"","1703161030000077","20031009033068",0
"5507838","2063200",1,1,26,"","1703141080000188","20040402042100",0
"5507839","2063201",1,2,24,"","1703180880000135","20071110071913",0
"5507840","2063201",19,1,28,"","","20040112033291",0
"5507990","2063300",1,1,23,"","","20060112051220",0
"5507991","2063300",18,2,21,"","1703132040001185","20051110052323",0
"5507992","2063301",1,2,26,"","","20050707050995",0
"5508149","2063400",1,2,22,"","1703141100000074","20070908070129",0
"5508150","2063401",1,1,52,"","1703180410700034","20030807032047",0
"5508314","2063500",1,1,37,"","","20041211040893",0
"5508315","2063500",2,2,37,"","1703141140000063","20070908072211",0
"5508316","2063501",1,2,33,"","1703180160300099","20031110032464",0
"5508317","2063501",3,2,2,"","","",0
"5508318","2063501",3,2,7,"170993000984","","",0
"5508319","2063501",3,2,11,"170993000984","","",0
"5508475","2063600",1,1,21,"","","20030301030929",0
"5508476","2063601",1,2,29,"","","20030807031919",0
"5508477","2063601",3,1,12,"170993004957","","",0
"5508478","2063601",3,2,8,"170993000984","","",0
"5508479","2063601",3,2,3,"","","",0
"5508651","2063700",1,1,23,"","1703144020000170","20050302051591",0
"5508652","2063700",19,2,23,"","1703103130000061","20040302041354",0
"5508653","2063701",1,2,65,"","","20060112050914",0
"5508809","2063800",1,2,58,"","","20051010051693",0
"5508810","2063801",1,2,41,"","","20040202041731",0
"5508811","2063801",2,1,46,"","","20030605032650",0
"5508812","2063801",3,1,2,"","","",0
"5508997","2063900",1,1,31,"","1703128010000436","20041009041242",0
"5508998","2063900",2,2,29,"","1703107100000065","20060908062187",0
"5508999","2063901",1,2,30,"","1703141080000125","20040302041042",0
"5509180","2064000",1,1,25,"","1703124240000019","20060908060601",0
"5509181","2064001",1,1,67,"","","20030807033515",0
"5509182","2064001",2,2,69,"","","20061109060623",0
"5509352","2064101",1,1,49,"","1703161170000012","20060212052282",0
"5509353","2064101",2,2,47,"","","20050807051140",0
"5509711","2064300",1,1,29,"","1703132050002214","20050604051248",0
"5509888","2064400",1,1,30,"","","20031211033473",0
"5509889","2064401",1,1,28,"","","20041009042438",0
"5509890","2064401",2,2,26,"","","20050605050059",0
"5509892","2064401",3,1,0,"","","",0
"5510063","2064500",1,1,60,"","1703108170000597","20050201050922",0
"5510064","2064501",1,1,35,"","1703141140000063","20050807052097",0
"5510065","2064501",2,2,38,"","","20050907050748",0
"5510066","2064501",3,1,2,"","","",0
"5510238","2064600",1,2,24,"","1703124010000050","20030908031550",0
"5510239","2064601",1,1,51,"","1703128190000447","20050201050134",0
"5510420","2064700",1,1,36,"","","20050705051960",0
"5510421","2064701",1,2,43,"","1703103130000059","20031211032022",0
"5510422","2064701",3,1,14,"170993000925","","",0
"5510423","2064701",3,2,16,"170993000925","1703141120000011","20050302051262",0
"5510424","2064701",3,2,14,"170993000925","","",0
"5510425","2064701",3,1,11,"170993000984","","",0
"5510426","2064701",19,1,44,"","1703141080000029","20050908051753",0
"5510602","2064800",1,1,58,"","","20030908032318",0
"5510603","2064800",19,1,66,"","","20030909032590",0
"5510754","2064901",1,1,57,"","","20040403040535",0
"5510928","2065000",1,2,63,"","","20060604061523",0
"5510929","2065001",1,1,38,"","1704384530000324","20030605033490",0
"5511095","2065100",1,2,30,"","1703182410400263","20060504062132",0
"5511097","2065101",1,1,49,"","1703128250000010","20030706031483",0
"5511098","2065101",21,1,44,"","1703141070000052","20061110061587",0
"5511285","2065200",1,2,55,"","1703132050002536","20030605032661",0
"5511286","2065201",1,2,45,"","1703107130000083","20030706030777",0
"5511287","2065201",18,1,74,"","1703180940000518","20060201061829",0
"5511461","2065300",1,2,22,"","1703182411200467","20070706070050",0
"5511462","2065301",1,1,83,"","","20070112061940",0
"5511463","2065301",2,2,80,"","","20070403071137",0
"5511646","2065400",1,1,53,"","1703128290000221","20040302042338",0
"5511647","2065401",1,2,26,"","1703132060000173","20030112022263",0
"5511648","2065401",3,2,1,"","","",0
"5511649","2065401",19,1,30,"","1703141090000062","20030908033521",0
"5511819","2065500",1,1,58,"","1703108140001226","20040806041082",0
"5511820","2065501",1,1,22,"","","20050909051450",0
"5512011","2065600",1,2,29,"","1703141090000061","20060505061272",0
"5512012","2065601",1,2,34,"","1703108130000334","20060402061894",0
"5512217","2065700",1,2,46,"","1703139070000049","20030503032461",0
"5512218","2065701",1,2,55,"","1703128200000165","20050402050616",0
"5512398","2065800",1,2,56,"","","20060402061139",0
"5512399","2065801",1,2,46,"","1703132050002103","20040202040607",0
"5512400","2065801",3,2,24,"","","20030706032175",0
"5512401","2065801",13,2,14,"170993000925","","",0
"5512583","2065900",1,2,52,"","1704384440100342","20030402033057",0
"5512584","2065901",1,1,30,"","1703132050002396","20050908050829",0
"5512585","2065901",2,2,28,"","1703141090000066","20030111022384",0
"5512770","2066000",1,1,76,"","","20030201032035",0
"5512771","2066001",1,1,81,"","","20050112042483",0
"5512772","2066001",2,2,70,"","1703180930000141","20060201062498",0
"5512942","2066100",1,2,49,"","1703182410400149","20030201031579",0
"5512943","2066101",1,1,59,"","","20030807030103",0
"5512944","2066101",2,2,53,"","1703177030000373","20040707041996",0
"5513132","2066200",1,1,43,"","1703148040000082","20030909031085",0
"5513133","2066201",1,2,45,"","1703180460400119","20060303061537",0
"5513301","2066300",1,1,46,"","1703141110000038","20050201050749",0
"5513302","2066300",2,2,44,"","1703141140000064","20060403061701",0
"5513304","2066301",1,2,45,"","1703132010002229","20051110050916",0
"5513479","2066400",1,1,25,"","1703142020000024","20060808060513",0
"5513480","2066401",1,2,53,"","1704384440100347","20040302040975",0
"5513481","2066401",19,2,46,"","1703141090000053","20060908062275",0
"5513664","2066500",1,2,76,"","","20041212041089",0
"5513665","2066501",1,1,69,"","1703141130000035","20070504072120",0
"5513666","2066501",2,2,70,"","1703132020001929","20070503070874",0
"5513667","2066501",3,2,41,"","1703108140001216","20040808040061",0
"5513668","2066501",8,1,0,"","","",0
"5513844","2066601",1,2,56,"","","20051109052230",0
"5514021","2066700",1,2,61,"","1703143050000064","20030605032073",0
"5514022","2066701",1,1,36,"","1703180940000507","20070807071300",0
"5514190","2066800",1,1,31,"","1703141130000035","20060909060983",0
"5514191","2066801",1,1,56,"","1703132040001193","20050201051003",0
"5514192","2066801",19,2,31,"","1703132020003029","20061009061133",0
"5514614","2067101",1,2,34,"","1703141130000035","20030706031499",0
"5516628","2068400",1,1,39,"","","20051211051685",0
"G170313818002N01_1","G170313818002N01",,1,64,"","","",0
"G170313818002N01_10","G170313818002N01",,1,59,"","","",0
"G170313818002N01_100","G170313818002N01",,2,91,"","","",0
"G170313818002N01_101","G170313818002N01",,2,91,"","","",0
"G170313818002N01_102","G170313818002N01",,2,81,"","","",0
"G170313818002N01_103","G170313818002N01",,2,81,"","","",0
"G170313818002N01_104","G170313818002N01",,2,92,"","","",0
"G170313818002N01_105","G170313818002N01",,2,92,"","","",0
"G170313818002N01_106","G170313818002N01",,2,80,"","","",0
"G170313818002N01_107","G170313818002N01",,2,80,"","","",0
"G170313818002N01_108","G170313818002N01",,2,79,"","","",0
"G170313818002N01_109","G170313818002N01",,2,79,"","","",0
"G170313818002N01_11","G170313818002N01",,1,58,"","","",0
"G170313818002N01_110","G170313818002N01",,2,93,"","","",0
"G170313818002N01_111","G170313818002N01",,2,93,"","","",0
"G170313818002N01_112","G170313818002N01",,2,78,"","","",0
"G170313818002N01_113","G170313818002N01",,2,94,"","","",0
"G170313818002N01_114","G170313818002N01",,2,94,"","","",0
"G170313818002N01_115","G170313818002N01",,2,77,"","","",0
"G170313818002N01_116","G170313818002N01",,2,95,"","","",0
"G170313818002N01_117","G170313818002N01",,2,76,"","","",0
"G170313818002N01_118","G170313818002N01",,2,96,"","","",0
"G170313818002N01_119","G170313818002N01",,2,75,"","","",0
"G170313818002N01_12","G170313818002N01",,1,57,"","","",0
"G170313818002N01_120","G170313818002N01",,2,97,"","","",0
"G170313818002N01_121","G170313818002N01",,2,74,"","","",0
"G170313818002N01_122","G170313818002N01",,2,98,"","","",0
"G170313818002N01_123","G170313818002N01",,2,73,"","","",0
"G170313818002N01_124","G170313818002N01",,2,99,"","","",0
"G170313818002N01_125","G170313818002N01",,2,72,"","","",0
"G170313818002N01_126","G170313818002N01",,2,71,"","","",0
"G170313818002N01_127","G170313818002N01",,2,74,"","","",0
"G170313818002N01_128","G170313818002N01",,2,75,"","","",0
"G170313818002N01_129","G170313818002N01",,2,76,"","","",0
"G170313818002N01_13","G170313818002N01",,1,56,"","","",0
"G170313818002N01_130","G170313818002N01",,2,77,"","","",0
"G170313818002N01_14","G170313818002N01",,1,56,"","","",0
"G170313818002N01_15","G170313818002N01",,1,55,"","","",0
"G170313818002N01_16","G170313818002N01",,1,54,"","","",0
"G170313818002N01_17","G170313818002N01",,1,53,"","","",0
"G170313818002N01_18","G170313818002N01",,1,52,"","","",0
"G170313818002N01_19","G170313818002N01",,1,52,"","","",0
"G170313818002N01_2","G170313818002N01",,1,64,"","","",0
"G170313818002N01_20","G170313818002N01",,1,51,"","","",0
"G170313818002N01_21","G170313818002N01",,1,51,"","","",0
"G170313818002N01_22","G170313818002N01",,1,49,"","","",0
"G170313818002N01_23","G170313818002N01",,1,48,"","","",0
"G170313818002N01_24","G170313818002N01",,1,47,"","","",0
"G170313818002N01_25","G170313818002N01",,1,46,"","","",0
"G170313818002N01_26","G170313818002N01",,1,45,"","","",0
"G170313818002N01_27","G170313818002N01",,1,44,"","","",0
"G170313818002N01_28","G170313818002N01",,1,43,"","","",0
"G170313818002N01_29","G170313818002N01",,1,42,"","","",0
"G170313818002N01_3","G170313818002N01",,1,63,"","","",0
"G170313818002N01_30","G170313818002N01",,1,38,"","","",0
"G170313818002N01_31","G170313818002N01",,1,64,"","","",0
"G170313818002N01_32","G170313818002N01",,1,63,"","","",0
"G170313818002N01_33","G170313818002N01",,2,64,"","","",0
"G170313818002N01_34","G170313818002N01",,2,63,"","","",0
"G170313818002N01_35","G170313818002N01",,2,56,"","","",0
"G170313818002N01_36","G170313818002N01",,2,55,"","","",0
"G170313818002N01_37","G170313818002N01",,2,64,"","","",0
"G170313818002N01_38","G170313818002N01",,2,63,"","","",0
"G170313818002N01_39","G170313818002N01",,2,62,"","","",0
"G170313818002N01_4","G170313818002N01",,1,63,"","","",0
"G170313818002N01_40","G170313818002N01",,2,61,"","","",0
"G170313818002N01_41","G170313818002N01",,2,60,"","","",0
"G170313818002N01_42","G170313818002N01",,1,86,"","","",0
"G170313818002N01_43","G170313818002N01",,1,86,"","","",0
"G170313818002N01_44","G170313818002N01",,1,87,"","","",0
"G170313818002N01_45","G170313818002N01",,1,87,"","","",0
"G170313818002N01_46","G170313818002N01",,1,85,"","","",0
"G170313818002N01_47","G170313818002N01",,1,85,"","","",0
"G170313818002N01_48","G170313818002N01",,1,84,"","","",0
"G170313818002N01_49","G170313818002N01",,1,84,"","","",0
"G170313818002N01_5","G170313818002N01",,1,62,"","","",0
"G170313818002N01_50","G170313818002N01",,1,88,"","","",0
"G170313818002N01_51","G170313818002N01",,1,83,"","","",0
"G170313818002N01_52","G170313818002N01",,1,83,"","","",0
"G170313818002N01_53","G170313818002N01",,1,82,"","","",0
"G170313818002N01_54","G170313818002N01",,1,82,"","","",0
"G170313818002N01_55","G170313818002N01",,1,89,"","","",0
"G170313818002N01_56","G170313818002N01",,1,89,"","","",0
"G170313818002N01_57","G170313818002N01",,1,81,"","","",0
"G170313818002N01_58","G170313818002N01",,1,81,"","","",0
"G170313818002N01_59","G170313818002N01",,1,80,"","","",0
"G170313818002N01_6","G170313818002N01",,1,61,"","","",0
"G170313818002N01_60","G170313818002N01",,1,80,"","","",0
"G170313818002N01_61","G170313818002N01",,1,90,"","","",0
"G170313818002N01_62","G170313818002N01",,1,79,"","","",0
"G170313818002N01_63","G170313818002N01",,1,79,"","","",0
"G170313818002N01_64","G170313818002N01",,1,78,"","","",0
"G170313818002N01_65","G170313818002N01",,1,91,"","","",0
"G170313818002N01_66","G170313818002N01",,1,77,"","","",0
"G170313818002N01_67","G170313818002N01",,1,76,"","","",0
"G170313818002N01_68","G170313818002N01",,1,92,"","","",0
"G170313818002N01_69","G170313818002N01",,1,75,"","","",0
"G170313818002N01_7","G170313818002N01",,1,61,"","","",0
"G170313818002N01_70","G170313818002N01",,1,74,"","","",0
"G170313818002N01_71","G170313818002N01",,1,93,"","","",0
"G170313818002N01_72","G170313818002N01",,1,73,"","","",0
"G170313818002N01_73","G170313818002N01",,1,72,"","","",0
"G170313818002N01_74","G170313818002N01",,1,94,"","","",0
"G170313818002N01_75","G170313818002N01",,1,71,"","","",0
"G170313818002N01_76","G170313818002N01",,1,70,"","","",0
"G170313818002N01_77","G170313818002N01",,1,69,"","","",0
"G170313818002N01_78","G170313818002N01",,1,68,"","","",0
"G170313818002N01_79","G170313818002N01",,1,96,"","","",0
"G170313818002N01_8","G170313818002N01",,1,60,"","","",0
"G170313818002N01_80","G170313818002N01",,2,87,"","","",0
"G170313818002N01_81","G170313818002N01",,2,87,"","","",0
"G170313818002N01_82","G170313818002N01",,2,88,"","","",0
"G170313818002N01_83","G170313818002N01",,2,88,"","","",0
"G170313818002N01_84","G170313818002N01",,2,88,"","","",0
"G170313818002N01_85","G170313818002N01",,2,86,"","","",0
"G170313818002N01_86","G170313818002N01",,2,86,"","","",0
"G170313818002N01_87","G170313818002N01",,2,86,"","","",0
"G170313818002N01_88","G170313818002N01",,2,89,"","","",0
"G170313818002N01_89","G170313818002N01",,2,89,"","","",0
"G170313818002N01_9","G170313818002N01",,1,59,"","","",0
"G170313818002N01_90","G170313818002N01",,2,85,"","","",0
"G170313818002N01_91","G170313818002N01",,2,85,"","","",0
"G170313818002N01_92","G170313818002N01",,2,90,"","","",0
"G170313818002N01_93","G170313818002N01",,2,90,"","","",0
"G170313818002N01_94","G170313818002N01",,2,84,"","","",0
"G170313818002N01_95","G170313818002N01",,2,84,"","","",0
"G170313818002N01_96","G170313818002N01",,2,83,"","","",0
"G170313818002N01_97","G170313818002N01",,2,83,"","","",0
"G170313818002N01_98","G170313818002N01",,2,82,"","","",0
"G170313818002N01_99","G170313818002N01",,2,82,"","","",0
"G170314109001N01_1","G170314109001N01",,1,74,"","","",0
"G170314109001N01_2","G170314109001N01",,1,75,"","","",0
