place_id,place_type,name,persons,latitude,longitude
"10051140","Hospital","",,"41.861271","-87.834218"
"10054250","Hospital","",,"41.894533","-87.621116"
"10054277","Hospital","",,"41.788701","-87.604468"
"10054278","Hospital","",,"41.79033","-87.604578"
"10054411","Hospital","",,"41.558727","-87.801526"
"1703104030000070","Workplace","",,"41.976699","-87.701959"
"1703104090000028","Workplace","",,"41.963175","-87.683904"
"1703105020000141","Workplace","",,"41.957759","-87.68375"
"1703107060000007","Workplace","",,"41.92876","-87.665695"
"1703108060000198","Workplace","",,"41.907124","-87.653077"
"1703108120000566","Workplace","",,"41.900768","-87.625019"
"1703108140000821","Workplace","",,"41.892798","-87.614344"
"1703108140001213","Workplace","",,"41.892798","-87.614344"
"1703108140001228","Workplace","",,"41.892798","-87.614344"
"1703108140001236","Workplace","",,"41.892798","-87.614344"
"1703108140001245","Workplace","",,"41.892798","-87.614344"
"1703108150000656","Workplace","",,"41.892671","-87.626255"
"1703108150000718","Workplace","",,"41.892671","-87.626255"
"1703108150000741","Workplace","",,"41.892671","-87.626255"
"1703108170000582","Workplace","",,"41.892201","-87.631863"
"1703108170000597","Workplace","",,"41.892201","-87.631863"
"1703108180001293","Workplace","",,"41.89322","-87.638038"
"1703114080000138","Workplace","",,"41.964493","-87.702813"
"1703115050000024","Workplace","",,"41.960563","-87.781813"
"1703121040000048","Workplace","",,"41.935656","-87.73019"
"1703122170000081","Workplace","",,"41.921338","-87.680176"
"1703125050000124","Workplace","",,"41.914507","-87.796752"
"1703125180000093","Workplace","",,"41.884082","-87.747755"
"1703127160000009","Workplace","",,"41.87184","-87.708258"
"1703128020000343","Workplace","",,"41.885331","-87.652114"
"1703128160000062","Workplace","",,"41.879775","-87.669241"
"1703128170000030","Workplace","",,"41.878959","-87.661905"
"1703128180000284","Workplace","",,"41.879128","-87.652175"
"1703128190000447","Workplace","",,"41.87922","-87.642714"
"1703128200000114","Workplace","",,"41.874333","-87.641656"
"1703128200000165","Workplace","",,"41.874333","-87.641656"
"1703128210000054","Workplace","",,"41.873225","-87.649355"
"1703128280000034","Workplace","",,"41.870233","-87.684851"
"1703128300000037","Workplace","",,"41.867979","-87.675018"
"1703128360000002","Workplace","",,"41.863113","-87.640097"
"1703131040000019","Workplace","",,"41.856483","-87.652251"
"1703132010000870","Workplace","",,"41.885082","-87.620465"
"1703132010002010","Workplace","",,"41.885082","-87.620465"
"1703132010002011","Workplace","",,"41.885082","-87.620465"
"1703132010002020","Workplace","",,"41.885082","-87.620465"
"1703132010002147","Workplace","",,"41.885082","-87.620465"
"1703132010002222","Workplace","",,"41.885082","-87.620465"
"1703132010002231","Workplace","",,"41.885082","-87.620465"
"1703132020002271","Workplace","",,"41.884759","-87.633035"
"1703132020003087","Workplace","",,"41.884759","-87.633035"
"1703132020003143","Workplace","",,"41.884759","-87.633035"
"1703132020003320","Workplace","",,"41.884759","-87.633035"
"1703132020003351","Workplace","",,"41.884759","-87.633035"
"1703132020003366","Workplace","",,"41.884759","-87.633035"
"1703132020003426","Workplace","",,"41.884759","-87.633035"
"1703132020003427","Workplace","",,"41.884759","-87.633035"
"1703132020003445","Workplace","",,"41.884759","-87.633035"
"1703132030000699","Workplace","",,"41.881303","-87.633193"
"1703132040000893","Workplace","",,"41.877412","-87.621968"
"1703132040001187","Workplace","",,"41.877412","-87.621968"
"1703132040001188","Workplace","",,"41.877412","-87.621968"
"1703132050002128","Workplace","",,"41.874578","-87.632037"
"1703132050002395","Workplace","",,"41.874578","-87.632037"
"1703132050002408","Workplace","",,"41.874578","-87.632037"
"1703132050002455","Workplace","",,"41.874578","-87.632037"
"1703132050002515","Workplace","",,"41.874578","-87.632037"
"1703132050002518","Workplace","",,"41.874578","-87.632037"
"1703132050002523","Workplace","",,"41.874578","-87.632037"
"1703132050002530","Workplace","",,"41.874578","-87.632037"
"1703132050002534","Workplace","",,"41.874578","-87.632037"
"1703132050002536","Workplace","",,"41.874578","-87.632037"
"1703132060000173","Workplace","",,"41.870643","-87.62222"
"1703132060000174","Workplace","",,"41.870643","-87.62222"
"1703133010000285","Workplace","",,"41.85925","-87.617358"
"1703136020000013","Workplace","",,"41.826896","-87.609865"
"1703139010000024","Workplace","",,"41.81317","-87.593534"
"1703139040000003","Workplace","",,"41.805937","-87.604033"
"1703139060000021","Workplace","",,"41.806003","-87.594326"
"1703140020000007","Workplace","",,"41.798279","-87.627173"
"1703140030000016","Workplace","",,"41.79306","-87.6131"
"1703140040000015","Workplace","",,"41.791019","-87.618225"
"1703140040000018","Workplace","",,"41.791019","-87.618225"
"1703140060000013","Workplace","",,"41.788937","-87.626913"
"1703141010000055","Workplace","",,"41.801249","-87.585548"
"1703141020000003","Workplace","",,"41.80165","-87.594272"
"1703141030000005","Workplace","",,"41.801605","-87.599027"
"1703141030000006","Workplace","",,"41.801605","-87.599027"
"1703141050000012","Workplace","",,"41.7978","-87.603746"
"1703141050000013","Workplace","",,"41.7978","-87.603746"
"1703141060000023","Workplace","",,"41.797915","-87.598901"
"1703141060000024","Workplace","",,"41.797915","-87.598901"
"1703141060000025","Workplace","",,"41.797915","-87.598901"
"1703141070000005","Workplace","",,"41.798012","-87.594148"
"1703141070000057","Workplace","",,"41.798012","-87.594148"
"1703141080000173","Workplace","",,"41.797891","-87.589656"
"1703141080000195","Workplace","",,"41.797891","-87.589656"
"1703141080000203","Workplace","",,"41.797891","-87.589656"
"1703141080000204","Workplace","",,"41.797891","-87.589656"
"1703141090000008","Workplace","",,"41.797224","-87.582436"
"1703141090000032","Workplace","",,"41.797224","-87.582436"
"1703141100000037","Workplace","",,"41.790489","-87.583075"
"1703141110000038","Workplace","",,"41.790398","-87.589671"
"1703141120000015","Workplace","",,"41.790432","-87.593918"
"1703141120000016","Workplace","",,"41.790432","-87.593918"
"1703141130000035","Workplace","",,"41.790414","-87.598728"
"1703141140000057","Workplace","",,"41.790311","-87.603627"
"1703141140000062","Workplace","",,"41.790311","-87.603627"
"1703141140000065","Workplace","",,"41.790311","-87.603627"
"1703142020000024","Workplace","",,"41.783348","-87.593467"
"1703144020000125","Workplace","",,"41.743839","-87.609822"
"1703144030000045","Workplace","",,"41.743668","-87.619503"
"1703144060000002","Workplace","",,"41.732677","-87.61911"
"1703149050000020","Workplace","",,"41.718001","-87.613214"
"1703168090000080","Workplace","",,"41.776317","-87.637614"
"1703177020000345","Workplace","",,"42.019198","-88.017502"
"1703177070000179","Workplace","",,"41.985432","-87.869308"
"1703180110000131","Workplace","",,"42.075131","-87.71493"
"1703180650200170","Workplace","",,"42.016547","-87.878155"
"1703180730000180","Workplace","",,"42.033778","-87.754856"
"1703180820000079","Workplace","",,"42.026318","-87.797156"
"1703180940000584","Workplace","",,"42.046063","-87.678246"
"1703181160000167","Workplace","",,"41.951204","-87.872372"
"1703181700000121","Workplace","",,"41.887381","-87.872511"
"1703182390300054","Workplace","",,"41.660592","-87.818672"
"1703182820100120","Workplace","",,"41.570663","-87.56811"
"1703182990200132","Workplace","",,"41.538243","-87.726637"
"170319101216","School","Visitation Catholic School",350,"41.79420799733260","-87.64776101472960"
"170319101389","School","Our Lady Gate Of Heaven School",186,"41.71531601582920","-87.56738700098480"
"170319101439","School","Saint Elizabeth Elementary School",455,"41.82121001904060","-87.62478297710170"
"170319101548","School","Saint Albert The Great School",418,"41.74882099742360","-87.75760200027060"
"170319101617","School","Saint Benedict High School",430,"41.95244698592330","-87.68356001146650"
"170319101901","School","Ancona School",270,"41.80807099464540","-87.59194899479680"
"170319101925","School","Saint Andrew Lutheran School",110,"41.82759898504370","-87.67151001981220"
"170319101928","School","Saint Paul Lutheran School",140,"41.64454302514600","-87.61624802036640"
"170319102232","School","Muhammad University Of Islam School",200,"41.76133897867240","-87.58572699630520"
"1704384440100253","Workplace","",,"41.827682","-88.016377"
"1704384570400110","Workplace","",,"41.759366","-88.007418"
"170993000629","School","BURKE ELEM SCHOOL",341,"41.79726498918220","-87.61602299420560"
"170993000667","School","ZENOS COLMAN ELEM SCHOOL",215,"41.80994602638750","-87.62706598401140"
"170993000668","School","BEASLEY ELEM MAGNET ACADEMIC CTR",1459,"41.79918701546150","-87.62577299162640"
"170993000761","School","DUSABLE HIGH SCHOOL",667,"41.80482401299030","-87.62435197964000"
"170993000826","School","HARTE ELEM SCHOOL",427,"41.79338701785540","-87.58719902614220"
"170993000903","School","KOZMINSKI ELEM COMMUNITY ACADEMY",540,"41.79780098395110","-87.60237401482070"
"170993000925","School","KENWOOD ACADEMY HIGH SCHOOL",1710,"41.80371201383460","-87.59049601981970"
"170993000984","School","MURRAY ELEM LANGUAGE ACADEMY",308,"41.79848399730180","-87.59342499206800"
"170993001014","School","OVERTON ELEM SCHOOL",582,"41.80553697767500","-87.62064399330980"
"170993001047","School","RAY ELEM SCHOOL",752,"41.79257699073180","-87.59478297214240"
"170993001052","School","REAVIS ELEM MATH & SCI SPEC SCHL",632,"41.80396799715780","-87.60556701701930"
"170993001094","School","SHOESMITH ELEM SCHOOL",423,"41.80409998419330","-87.59424602742450"
"170993004265","School","DYETT ACADEMIC CENTER HIGH SCHOOL",515,"41.80205502333400","-87.61107901243200"
"170993004957","School","CANTER MIDDLE SCHOOL",331,"41.80478702085760","-87.59049998725390"
"174221004232","School","ROBERT FROST ELEM SCHOOL",561,"42.09819498299360","-87.90005702697700"
"2038447","Household","hh2038447",6,"41.80943211166","-87.6105006022237"
"2038710","Household","hh2038710",4,"41.8077127045223","-87.6126021687226"
"2038771","Household","hh2038771",2,"41.8076237893155","-87.6146649046771"
"2038917","Household","hh2038917",1,"41.8087520095622","-87.6156956396142"
"2039021","Household","hh2039021",8,"41.8089370754528","-87.6150549833759"
"2039102","Household","hh2039102",1,"41.8081636057219","-87.6166085767703"
"2039154","Household","hh2039154",1,"41.8085878418875","-87.6146981728982"
"2039307","Household","hh2039307",4,"41.8072530459668","-87.6132459951496"
"2039338","Household","hh2039338",2,"41.8070562571608","-87.6142189154628"
"2039429","Household","hh2039429",5,"41.8068097037156","-87.6147885435656"
"2039531","Household","hh2039531",4,"41.8072198780455","-87.616602454566"
"2039535","Household","hh2039535",4,"41.8074763884839","-87.6127490228216"
"2039621","Household","hh2039621",1,"41.8078050343893","-87.6235543694895"
"2039665","Household","hh2039665",1,"41.808713357847","-87.6240888881391"
"2039673","Household","hh2039673",1,"41.8084549012595","-87.6226082250859"
"2039706","Household","hh2039706",4,"41.8091576327488","-87.6207828434458"
"2039791","Household","hh2039791",1,"41.8077002525068","-87.6240909157861"
"2039952","Household","hh2039952",9,"41.8064706665538","-87.6220099491054"
"2039992","Household","hh2039992",5,"41.8065401774653","-87.6200567787669"
"2040043","Household","hh2040043",4,"41.8066534047274","-87.6239889563606"
"2040380","Household","hh2040380",3,"41.8092766895816","-87.6203546749254"
"2040469","Household","hh2040469",3,"41.8092330074509","-87.6240618631538"
"2041137","Household","hh2041137",7,"41.8043229656583","-87.6178654879363"
"2041220","Household","hh2041220",2,"41.804663163154","-87.6218094372128"
"2041285","Household","hh2041285",3,"41.8038329926104","-87.6230063193946"
"2041389","Household","hh2041389",3,"41.8048463852072","-87.6187127802781"
"2041477","Household","hh2041477",2,"41.8038523277349","-87.6189565486881"
"2041550","Household","hh2041550",2,"41.8035020937927","-87.624098111804"
"2041555","Household","hh2041555",2,"41.8023007600555","-87.6190711989167"
"2041612","Household","hh2041612",4,"41.8047417595854","-87.6131613929523"
"2041756","Household","hh2041756",14,"41.8028253072994","-87.6118008312674"
"2041775","Household","hh2041775",4,"41.8057329072144","-87.613821247284"
"2041790","Household","hh2041790",1,"41.8041383425896","-87.6117648674096"
"2041806","Household","hh2041806",1,"41.804328679719","-87.6125051348848"
"2041825","Household","hh2041825",2,"41.8027066116396","-87.6122353790964"
"2041940","Household","hh2041940",5,"41.8036968189138","-87.6151297634701"
"2042012","Household","hh2042012",5,"41.8020330064604","-87.6155177735598"
"2042019","Household","hh2042019",5,"41.8030567481258","-87.6158189166808"
"2042080","Household","hh2042080",5,"41.8032364770103","-87.6153413642247"
"2042145","Household","hh2042145",4,"41.8032900368799","-87.6143546642432"
"2042197","Household","hh2042197",4,"41.8061321902887","-87.6074702917247"
"2042231","Household","hh2042231",1,"41.8094456495117","-87.6080628438615"
"2042270","Household","hh2042270",2,"41.8083676413145","-87.6088786071687"
"2042359","Household","hh2042359",2,"41.80330460271","-87.6100334139734"
"2042451","Household","hh2042451",6,"41.8030972289827","-87.6112312297108"
"2042471","Household","hh2042471",5,"41.8038308907111","-87.6114489896379"
"2042541","Household","hh2042541",2,"41.803241416951","-87.6106826072032"
"2042571","Household","hh2042571",1,"41.8026922122935","-87.6109596517898"
"2042596","Household","hh2042596",3,"41.8022668644575","-87.6093519907666"
"2042625","Household","hh2042625",6,"41.8025234879679","-87.6081403270243"
"2042693","Household","hh2042693",1,"41.8032451998318","-87.6102949837075"
"2042753","Household","hh2042753",4,"41.8066481096216","-87.6100485477621"
"2042775","Household","hh2042775",3,"41.8076699832013","-87.6095972868203"
"2042854","Household","hh2042854",4,"41.8076191985505","-87.6099706818851"
"2042871","Household","hh2042871",4,"41.8050476250722","-87.6096347948799"
"2042875","Household","hh2042875",4,"41.8074584771728","-87.6090490272391"
"2042931","Household","hh2042931",8,"41.8058322138055","-87.6108613813844"
"2042951","Household","hh2042951",5,"41.8066144932822","-87.6094932314545"
"2042991","Household","hh2042991",2,"41.8071601141694","-87.6109538404318"
"2043019","Household","hh2043019",4,"41.8048137589332","-87.6089923883197"
"2043045","Household","hh2043045",4,"41.8050677429838","-87.6093518422942"
"2043057","Household","hh2043057",3,"41.8056897774079","-87.6098371960276"
"2043147","Household","hh2043147",3,"41.8060945331911","-87.610436160866"
"2045364","Household","hh2045364",4,"41.8086343943407","-87.6021669810334"
"2045378","Household","hh2045378",2,"41.8060762926916","-87.6032577698149"
"2045527","Household","hh2045527",1,"41.8030352324791","-87.6021150305885"
"2045555","Household","hh2045555",3,"41.8074141400947","-87.6024412245733"
"2045581","Household","hh2045581",6,"41.8080734029642","-87.6028863522625"
"2045584","Household","hh2045584",4,"41.8032068046389","-87.6030707129002"
"2045619","Household","hh2045619",2,"41.8054848299033","-87.6033032114523"
"2045628","Household","hh2045628",3,"41.8035200302657","-87.6038695235377"
"2045652","Household","hh2045652",4,"41.8039148304712","-87.6040308036976"
"2045654","Household","hh2045654",7,"41.8076374254317","-87.6024500080295"
"2045720","Household","hh2045720",2,"41.8022063991333","-87.6029839139113"
"2045744","Household","hh2045744",3,"41.8089207471896","-87.6032027845224"
"2045749","Household","hh2045749",2,"41.8025438124732","-87.6021154425002"
"2045774","Household","hh2045774",6,"41.8065838856271","-87.6038395441705"
"2045827","Household","hh2045827",5,"41.8030756605088","-87.6024255545468"
"2045829","Household","hh2045829",6,"41.808757531132","-87.6029164767395"
"2045844","Household","hh2045844",6,"41.8060718104336","-87.6037054531389"
"2045877","Household","hh2045877",2,"41.8095330225967","-87.6033046915892"
"2045894","Household","hh2045894",2,"41.8022167043117","-87.6022734129172"
"2045897","Household","hh2045897",1,"41.8037438125791","-87.6029086673982"
"2045996","Household","hh2045996",1,"41.8067849560981","-87.6051672040744"
"2046079","Household","hh2046079",1,"41.8075345339184","-87.6048853330536"
"2046080","Household","hh2046080",1,"41.8025499437524","-87.604237234686"
"2046136","Household","hh2046136",1,"41.8089984101415","-87.6044725132464"
"2046169","Household","hh2046169",4,"41.8054067636329","-87.6051905259238"
"2046222","Household","hh2046222",2,"41.8028701272256","-87.606131150384"
"2046240","Household","hh2046240",3,"41.803963081828","-87.6061280688046"
"2046305","Household","hh2046305",1,"41.8095330215295","-87.6045648383082"
"2046346","Household","hh2046346",1,"41.8088268747332","-87.606662158486"
"2046370","Household","hh2046370",1,"41.8073953391179","-87.6063279903046"
"2046375","Household","hh2046375",3,"41.8070609984933","-87.6054457381517"
"2046434","Household","hh2046434",1,"41.8055117101154","-87.605839005028"
"2046483","Household","hh2046483",3,"41.8059488394008","-87.6057920282796"
"2046498","Household","hh2046498",2,"41.8084206885208","-87.6051078875146"
"2046536","Household","hh2046536",3,"41.80570022732","-87.6056274880737"
"2046656","Household","hh2046656",4,"41.8071915874886","-87.6060671325411"
"2046768","Household","hh2046768",1,"41.8049564618749","-87.598941971911"
"2046780","Household","hh2046780",1,"41.8046750266759","-87.5981876855768"
"2046928","Household","hh2046928",1,"41.8022836033218","-87.5978455512303"
"2046968","Household","hh2046968",3,"41.8070720526897","-87.5978064355646"
"2047000","Household","hh2047000",2,"41.8029201159399","-87.5991394794696"
"2047194","Household","hh2047194",3,"41.8088948776731","-87.6005079724321"
"2047217","Household","hh2047217",2,"41.8078228494121","-87.5969490235625"
"2047241","Household","hh2047241",4,"41.8027903789936","-87.5995052164965"
"2047252","Household","hh2047252",4,"41.8025125460484","-87.5974299058204"
"2047292","Household","hh2047292",2,"41.8028761177385","-87.6012200856386"
"2047315","Household","hh2047315",2,"41.8066883787541","-87.59831735379"
"2047423","Household","hh2047423",4,"41.8086529336337","-87.5989750662389"
"2047441","Household","hh2047441",1,"41.8035992059669","-87.5989122112543"
"2047490","Household","hh2047490",2,"41.8029761749574","-87.5982526219588"
"2047510","Household","hh2047510",2,"41.8077210917994","-87.5991086429029"
"2047894","Household","hh2047894",2,"41.8072125378588","-87.5948304983742"
"2047949","Household","hh2047949",1,"41.8072294936613","-87.5932656453117"
"2047977","Household","hh2047977",2,"41.8086102826529","-87.594483734406"
"2047981","Household","hh2047981",1,"41.8063095693748","-87.5945199084059"
"2048000","Household","hh2048000",4,"41.8096599105212","-87.594083857926"
"2048045","Household","hh2048045",4,"41.8041973061442","-87.5941827006963"
"2048067","Household","hh2048067",4,"41.8027878173318","-87.5950465708301"
"2048153","Household","hh2048153",2,"41.8037243943323","-87.5943389641805"
"2048222","Household","hh2048222",2,"41.8030853110162","-87.5945390324151"
"2048338","Household","hh2048338",1,"41.8025343791021","-87.5946294170457"
"2048364","Household","hh2048364",5,"41.8066020660868","-87.5963322212067"
"2048376","Household","hh2048376",1,"41.8035363539543","-87.5968893444497"
"2048746","Household","hh2048746",2,"41.8043435746603","-87.5829538454199"
"2048772","Household","hh2048772",1,"41.8035879506638","-87.5843958348952"
"2048789","Household","hh2048789",3,"41.8069684872478","-87.5863364968603"
"2048811","Household","hh2048811",3,"41.8052040672769","-87.5839034189698"
"2048926","Household","hh2048926",1,"41.8035532545419","-87.5852818339183"
"2048939","Household","hh2048939",2,"41.8038217244177","-87.5843861446509"
"2048973","Household","hh2048973",3,"41.8038227070233","-87.5863514231717"
"2048975","Household","hh2048975",2,"41.8044794043346","-87.5839737590158"
"2049035","Household","hh2049035",1,"41.8038479039838","-87.5844121601173"
"2049038","Household","hh2049038",1,"41.8039084479245","-87.5827477136381"
"2049177","Household","hh2049177",1,"41.8093146433247","-87.5921306571404"
"2049189","Household","hh2049189",4,"41.8064015877192","-87.586358776803"
"2049204","Household","hh2049204",1,"41.8061171727844","-87.5863992159208"
"2049219","Household","hh2049219",5,"41.8046005261568","-87.5860650211938"
"2049268","Household","hh2049268",1,"41.806442608071","-87.5848497363887"
"2049305","Household","hh2049305",4,"41.8043265458046","-87.5827781871177"
"2049442","Household","hh2049442",1,"41.803379093353","-87.5834463127985"
"2049560","Household","hh2049560",1,"41.8051963096479","-87.5840186222934"
"2049581","Household","hh2049581",2,"41.8041305800403","-87.582813491224"
"2049894","Household","hh2049894",2,"41.8024423264951","-87.5858000363823"
"2049977","Household","hh2049977",5,"41.8036415907182","-87.5862986667948"
"2050108","Household","hh2050108",3,"41.8042992564195","-87.5832975014741"
"2050115","Household","hh2050115",2,"41.803991900198","-87.5825161954888"
"2050184","Household","hh2050184",2,"41.8068682603892","-87.5873147127057"
"2050283","Household","hh2050283",1,"41.8058647849429","-87.5860140201236"
"2050336","Household","hh2050336",1,"41.8051216272818","-87.5849431927854"
"2050416","Household","hh2050416",2,"41.8057584068695","-87.5838684919249"
"2050654","Household","hh2050654",1,"41.8068411389779","-87.5903081484818"
"2050711","Household","hh2050711",2,"41.8066678827487","-87.5859594683675"
"2050849","Household","hh2050849",2,"41.80659130811","-87.5861164950332"
"2050863","Household","hh2050863",1,"41.8081259831098","-87.5902036091232"
"2050887","Household","hh2050887",1,"41.8041066551929","-87.5840798518826"
"2050938","Household","hh2050938",2,"41.8038394601527","-87.5826063485244"
"2050941","Household","hh2050941",1,"41.8064041999197","-87.5862603110919"
"2050995","Household","hh2050995",3,"41.8052825031936","-87.5849747401915"
"2051007","Household","hh2051007",1,"41.8038020734046","-87.5832906453253"
"2051086","Household","hh2051086",1,"41.8068061639086","-87.5874801523568"
"2051128","Household","hh2051128",2,"41.8055026825141","-87.5849358180571"
"2051286","Household","hh2051286",3,"41.8065814367229","-87.5914324182529"
"2051313","Household","hh2051313",1,"41.8025920171721","-87.5918257526024"
"2051324","Household","hh2051324",2,"41.8062870818417","-87.590746258998"
"2051338","Household","hh2051338",3,"41.8023369913369","-87.5911776284014"
"2051350","Household","hh2051350",1,"41.8065006819219","-87.5915013806918"
"2051442","Household","hh2051442",1,"41.804104041476","-87.5913814052175"
"2051458","Household","hh2051458",1,"41.8054994210783","-87.5908387310245"
"2051513","Household","hh2051513",1,"41.8067592176889","-87.5914344690365"
"2051563","Household","hh2051563",3,"41.8043684174045","-87.5911764499694"
"2051637","Household","hh2051637",1,"41.8025084413241","-87.5911742614122"
"2051713","Household","hh2051713",3,"41.8057339345199","-87.5904200371216"
"2051732","Household","hh2051732",2,"41.805463017794","-87.5910767238607"
"2051741","Household","hh2051741",1,"41.8057956434421","-87.5910502809026"
"2051805","Household","hh2051805",3,"41.8082186752823","-87.5911239524446"
"2051818","Household","hh2051818",9,"41.8049768601345","-87.5901020728247"
"2051914","Household","hh2051914",4,"41.8071519464968","-87.5904776290805"
"2051942","Household","hh2051942",2,"41.8028570201392","-87.591844204256"
"2052010","Household","hh2052010",1,"41.8028254380308","-87.5912031750183"
"2052121","Household","hh2052121",7,"41.8001459883969","-87.6172855562101"
"2052126","Household","hh2052126",3,"41.7985113304544","-87.6164957016208"
"2052138","Household","hh2052138",4,"41.7986864608958","-87.6165052079306"
"2052155","Household","hh2052155",4,"41.8009148821228","-87.6171434323562"
"2052160","Household","hh2052160",4,"41.8020330064594","-87.6154749721707"
"2052191","Household","hh2052191",3,"41.799480779742","-87.6171864806771"
"2052194","Household","hh2052194",1,"41.8014517587861","-87.6174154839463"
"2052225","Household","hh2052225",5,"41.7997338955432","-87.6164888075599"
"2052236","Household","hh2052236",5,"41.8009904403403","-87.6063875135156"
"2052259","Household","hh2052259",2,"41.8017068677488","-87.6166556267212"
"2052295","Household","hh2052295",4,"41.7985065572194","-87.6166741882105"
"2052297","Household","hh2052297",7,"41.8006021453852","-87.6167583737882"
"2052400","Household","hh2052400",3,"41.7992690018933","-87.6220535330642"
"2052404","Household","hh2052404",5,"41.8017139831321","-87.6195222408333"
"2052406","Household","hh2052406",6,"41.7986987366921","-87.6227143913891"
"2052409","Household","hh2052409",2,"41.8019329850052","-87.6219359056126"
"2052492","Household","hh2052492",7,"41.7983401161825","-87.6237477046229"
"2052503","Household","hh2052503",4,"41.8019329845355","-87.622334690474"
"2052523","Household","hh2052523",7,"41.800372237785","-87.6216804883931"
"2052546","Household","hh2052546",5,"41.8010048200095","-87.6192683999885"
"2052548","Household","hh2052548",5,"41.8005368356144","-87.625321038389"
"2052549","Household","hh2052549",7,"41.8012567662646","-87.6211331199703"
"2052569","Household","hh2052569",3,"41.7983646270821","-87.6219863427081"
"2052595","Household","hh2052595",2,"41.8018643111154","-87.623490345924"
"2052598","Household","hh2052598",1,"41.8020039423472","-87.6200139222769"
"2052729","Household","hh2052729",3,"41.8006431230966","-87.6240776938562"
"2053063","Household","hh2053063",3,"41.7985330025582","-87.6161490021495"
"2053079","Household","hh2053079",9,"41.7968176351675","-87.6195909880673"
"2053084","Household","hh2053084",4,"41.7951385030952","-87.622134448426"
"2053166","Household","hh2053166",2,"41.7985278464836","-87.6162314879836"
"2053195","Household","hh2053195",12,"41.7956888014968","-87.6211350611863"
"2053223","Household","hh2053223",4,"41.7969888422084","-87.6170464333106"
"2053292","Household","hh2053292",1,"41.7974725777467","-87.618114894886"
"2053316","Household","hh2053316",7,"41.7973575110617","-87.6202802563685"
"2053349","Household","hh2053349",7,"41.7958013550316","-87.6204940890773"
"2053367","Household","hh2053367",7,"41.7969723746104","-87.6064736091398"
"2053397","Household","hh2053397",2,"41.7963876032347","-87.6159175238349"
"2053463","Household","hh2053463",4,"41.7950529383686","-87.6198514474176"
"2056864","Household","hh2056864",1,"41.8014229296842","-87.5846243668901"
"2056912","Household","hh2056912",2,"41.8012488470961","-87.5909524474659"
"2057080","Household","hh2057080",1,"41.7996275934146","-87.585378635947"
"2057144","Household","hh2057144",2,"41.8023478391752","-87.5864562154247"
"2057215","Household","hh2057215",3,"41.8019562058619","-87.5898616371807"
"2057265","Household","hh2057265",2,"41.8018386860769","-87.5918409225225"
"2057389","Household","hh2057389",1,"41.800629629901","-87.5847350290034"
"2057429","Household","hh2057429",4,"41.8023369909913","-87.5914908046217"
"2057453","Household","hh2057453",2,"41.8013472496114","-87.5905591083004"
"2057599","Household","hh2057599",2,"41.8016373364505","-87.5889724892145"
"2057602","Household","hh2057602",2,"41.8004943551391","-87.5844167069388"
"2057822","Household","hh2057822",1,"41.7997344766354","-87.5844302839495"
"2057841","Household","hh2057841",3,"41.8014151944834","-87.5896169851738"
"2057854","Household","hh2057854",1,"41.8020264038445","-87.5901015090293"
"2057864","Household","hh2057864",2,"41.8001153352782","-87.5860995935574"
"2057888","Household","hh2057888",3,"41.800622951908","-87.5854924031173"
"2057969","Household","hh2057969",3,"41.8007372300125","-87.5861260564988"
"2058002","Household","hh2058002",1,"41.8011070159522","-87.5851045539477"
"2058016","Household","hh2058016",2,"41.8023300440046","-87.5910070182781"
"2058029","Household","hh2058029",4,"41.8012937059875","-87.5858497365821"
"2058033","Household","hh2058033",1,"41.8013089964372","-87.5851396542874"
"2058069","Household","hh2058069",1,"41.8012290718952","-87.5938468998015"
"2058073","Household","hh2058073",3,"41.8015940543616","-87.5927346497232"
"2058078","Household","hh2058078",4,"41.8010869002659","-87.5932350410737"
"2058251","Household","hh2058251",2,"41.8017686539104","-87.5968489995178"
"2058269","Household","hh2058269",2,"41.8008510228469","-87.5953500266791"
"2058290","Household","hh2058290",1,"41.8019855832833","-87.593152032752"
"2058315","Household","hh2058315",2,"41.802333022502","-87.595201983738"
"2058371","Household","hh2058371",1,"41.8023330246162","-87.5947307997128"
"2058505","Household","hh2058505",1,"41.8017611485698","-87.5931445173894"
"2058531","Household","hh2058531",2,"41.801995291484","-87.5953554342675"
"2058697","Household","hh2058697",1,"41.8016098289574","-87.5928214906167"
"2058711","Household","hh2058711",2,"41.8012096210547","-87.5933282889308"
"2058716","Household","hh2058716",3,"41.8009340266647","-87.5918480208026"
"2058773","Household","hh2058773",3,"41.8010117540129","-87.5957573258273"
"2059008","Household","hh2059008",3,"41.8010184964373","-87.5999549916563"
"2059062","Household","hh2059062",3,"41.8018648891688","-87.6001974830869"
"2059069","Household","hh2059069",2,"41.8011466111413","-87.5976644377269"
"2059080","Household","hh2059080",7,"41.8012121387396","-87.5982254775252"
"2059091","Household","hh2059091",1,"41.8009872843722","-87.5999083450572"
"2059131","Household","hh2059131",1,"41.8018840983739","-87.6000859916182"
"2059138","Household","hh2059138",1,"41.8012026701415","-87.5985651657335"
"2059188","Household","hh2059188",4,"41.80144644605","-87.5983170589076"
"2059604","Household","hh2059604",3,"41.7957646587095","-87.6016848802656"
"2059649","Household","hh2059649",3,"41.8003835880849","-87.603163119441"
"2059670","Household","hh2059670",3,"41.8006899771106","-87.6031708195718"
"2059747","Household","hh2059747",2,"41.7965389198465","-87.6022104185934"
"2059925","Household","hh2059925",5,"41.7998649220221","-87.6025585136359"
"2059946","Household","hh2059946",2,"41.7959242046492","-87.6040224143489"
"2059997","Household","hh2059997",4,"41.7950985140857","-87.6018797802693"
"2060131","Household","hh2060131",1,"41.798200914459","-87.6050041272106"
"2060170","Household","hh2060170",3,"41.7996975987068","-87.6050490281196"
"2060187","Household","hh2060187",3,"41.7991143563555","-87.6046401990852"
"2060196","Household","hh2060196",1,"41.7976776167725","-87.604434380753"
"2060289","Household","hh2060289",4,"41.7978660512359","-87.6053483594116"
"2060381","Household","hh2060381",2,"41.7970405892064","-87.6041158192822"
"2060462","Household","hh2060462",3,"41.7999120420916","-87.6043999040559"
"2060551","Household","hh2060551",6,"41.795227837724","-87.6041645368453"
"2060635","Household","hh2060635",4,"41.7990562753164","-87.6058733859801"
"2060639","Household","hh2060639",6,"41.7951670687349","-87.6057709099579"
"2060702","Household","hh2060702",1,"41.7989703164672","-87.6052095603115"
"2060787","Household","hh2060787",1,"41.7959096370839","-87.6047620852602"
"2060814","Household","hh2060814",2,"41.7985348851237","-87.6056934824981"
"2060819","Household","hh2060819",6,"41.7979947961584","-87.6055795068168"
"2060869","Household","hh2060869",4,"41.7993988749744","-87.6057188433409"
"2060892","Household","hh2060892",2,"41.7986990141272","-87.6051391838433"
"2060920","Household","hh2060920",2,"41.7991463168598","-87.5996106077412"
"2060946","Household","hh2060946",1,"41.7988512354654","-87.6006388904735"
"2060978","Household","hh2060978",4,"41.8003618989449","-87.598189339222"
"2061002","Household","hh2061002",3,"41.7995360927691","-87.599760505506"
"2061015","Household","hh2061015",1,"41.8003817847018","-87.5978276148226"
"2061035","Household","hh2061035",1,"41.7980780951677","-87.6003145996311"
"2061047","Household","hh2061047",1,"41.7979331995959","-87.5979770561939"
"2061089","Household","hh2061089",2,"41.7988838099883","-87.5987441454869"
"2061166","Household","hh2061166",3,"41.7990043011298","-87.6000935059685"
"2061179","Household","hh2061179",1,"41.7984071529562","-87.5999796824776"
"2061196","Household","hh2061196",1,"41.7990921108915","-87.5972760480258"
"2061223","Household","hh2061223",2,"41.798055675672","-87.6000473833016"
"2061266","Household","hh2061266",3,"41.7982489894007","-87.5986737666299"
"2061359","Household","hh2061359",4,"41.7994670598475","-87.5992945665969"
"2061432","Household","hh2061432",1,"41.796482981224","-87.5980998640958"
"2061441","Household","hh2061441",2,"41.7972752069597","-87.5976468016833"
"2061446","Household","hh2061446",4,"41.7972155942453","-87.598071849483"
"2061484","Household","hh2061484",2,"41.796471462599","-87.5995788931436"
"2061583","Household","hh2061583",2,"41.7972363687753","-87.5972225038355"
"2061611","Household","hh2061611",8,"41.7979330274311","-87.5985073144731"
"2061653","Household","hh2061653",12,"41.7955414511218","-87.5966818395173"
"2061730","Household","hh2061730",1,"41.7966849501035","-87.5979343614894"
"2061939","Household","hh2061939",3,"41.7996109481895","-87.592022821532"
"2062073","Household","hh2062073",2,"41.800451573839","-87.5933122268057"
"2062156","Household","hh2062156",1,"41.8006593099305","-87.5961698408956"
"2062189","Household","hh2062189",1,"41.8005112462696","-87.5949488390313"
"2062239","Household","hh2062239",2,"41.7989940395066","-87.5950860065279"
"2062297","Household","hh2062297",1,"41.7978092303986","-87.5964223088261"
"2062351","Household","hh2062351",4,"41.7977324760967","-87.5959692678801"
"2062391","Household","hh2062391",3,"41.7957679814898","-87.593292108732"
"2062439","Household","hh2062439",2,"41.7990555513554","-87.5921120453113"
"2062455","Household","hh2062455",4,"41.7989264690478","-87.5933970437099"
"2062466","Household","hh2062466",2,"41.7955709140651","-87.5960079880311"
"2062479","Household","hh2062479",2,"41.7986232204672","-87.5947849858317"
"2062600","Household","hh2062600",1,"41.8002430499876","-87.5929197212846"
"2062746","Household","hh2062746",2,"41.7961085071928","-87.5927049209588"
"2062768","Household","hh2062768",1,"41.8003387962087","-87.5923010762684"
"2062789","Household","hh2062789",3,"41.7990326781182","-87.5945019445601"
"2062840","Household","hh2062840",1,"41.798775669801","-87.5918480208026"
"2062871","Household","hh2062871",2,"41.800768533334","-87.5945762965821"
"2062884","Household","hh2062884",2,"41.7987493613249","-87.5961747168836"
"2062902","Household","hh2062902",2,"41.7977669602161","-87.5932222680036"
"2062937","Household","hh2062937",3,"41.7968014921255","-87.5917917128674"
"2062971","Household","hh2062971",3,"41.7965568659299","-87.5923112610642"
"2063031","Household","hh2063031",3,"41.8009340294148","-87.5929950724644"
"2063138","Household","hh2063138",3,"41.8000390482846","-87.5918480208026"
"2063183","Household","hh2063183",2,"41.7992244053171","-87.591225079146"
"2063199","Household","hh2063199",1,"41.7986812774204","-87.5892416320013"
"2063414","Household","hh2063414",2,"41.798034000296","-87.5903712372444"
"2063600","Household","hh2063600",1,"41.8008874716391","-87.5915987184407"
"2063613","Household","hh2063613",1,"41.7995003462778","-87.5902184454829"
"2063636","Household","hh2063636",4,"41.7997900329807","-87.5899271781887"
"2063707","Household","hh2063707",2,"41.7987471636287","-87.5896590917453"
"2063840","Household","hh2063840",6,"41.7952494881286","-87.5900365908451"
"2063853","Household","hh2063853",6,"41.797251623235","-87.5917320721655"
"2064081","Household","hh2064081",6,"41.7962470643802","-87.5909478610988"
"2064101","Household","hh2064101",5,"41.7976806891554","-87.5911262921036"
"2064109","Household","hh2064109",3,"41.7957739102868","-87.5892526979159"
"2064271","Household","hh2064271",2,"41.7967833796273","-87.5917646271559"
"2064317","Household","hh2064317",3,"41.795726766372","-87.5892720597386"
"2064343","Household","hh2064343",4,"41.796930662267","-87.5886351564626"
"2064566","Household","hh2064566",2,"41.7962915083118","-87.591421147359"
"2064724","Household","hh2064724",2,"41.7954668726568","-87.5893716360846"
"2064742","Household","hh2064742",5,"41.7980230475016","-87.5883479280858"
"2064749","Household","hh2064749",1,"41.7974963238213","-87.5896173745824"
"2064788","Household","hh2064788",1,"41.7979204909004","-87.5887695792276"
"2064810","Household","hh2064810",2,"41.7968930810426","-87.5917719421164"
"2064894","Household","hh2064894",2,"41.7948525714831","-87.5909325806392"
"2064919","Household","hh2064919",1,"41.7948716377501","-87.5914841066175"
"2064920","Household","hh2064920",3,"41.7951828529534","-87.5901928707151"
"2065006","Household","hh2065006",1,"41.7955935637919","-87.584523541417"
"2065024","Household","hh2065024",2,"41.7963563428297","-87.5818064596844"
"2065068","Household","hh2065068",2,"41.7989479555429","-87.583284726789"
"2065130","Household","hh2065130",1,"41.7984242800397","-87.5842543621327"
"2065144","Household","hh2065144",1,"41.7959278466054","-87.5813124132874"
"2065168","Household","hh2065168",5,"41.7976143661595","-87.5848238843275"
"2065182","Household","hh2065182",4,"41.7988133259189","-87.5825852235284"
"2065269","Household","hh2065269",3,"41.7968297194262","-87.5818515726285"
"2065330","Household","hh2065330",3,"41.7980217350183","-87.5822281335987"
"2065338","Household","hh2065338",1,"41.7962177489245","-87.5848376892712"
"2065526","Household","hh2065526",2,"41.7966614498096","-87.5842416244732"
"2065566","Household","hh2065566",4,"41.7993336272018","-87.5847694998069"
"2065597","Household","hh2065597",2,"41.7970795191784","-87.585220758103"
"2065654","Household","hh2065654",5,"41.7984510642248","-87.5825585814475"
"2065819","Household","hh2065819",5,"41.797980291403","-87.5858523282828"
"2065829","Household","hh2065829",4,"41.7991967746081","-87.5825191613532"
"2065859","Household","hh2065859",1,"41.7986022283457","-87.5838576759842"
"2065906","Household","hh2065906",2,"41.798845230067","-87.5827276262918"
"2065928","Household","hh2065928",4,"41.7964061607649","-87.5813112941134"
"2065947","Household","hh2065947",1,"41.796584584584","-87.5811595846802"
"2066127","Household","hh2066127",4,"41.7970148545719","-87.5822814434827"
"2066159","Household","hh2066159",5,"41.7985821155642","-87.5837725177791"
"2066186","Household","hh2066186",1,"41.7961591620323","-87.584390740687"
"2066225","Household","hh2066225",4,"41.7957310909257","-87.5812805982208"
"2066283","Household","hh2066283",3,"41.7961704810294","-87.5865153864541"
"2066370","Household","hh2066370",2,"41.7990280454413","-87.5827708810021"
"2066568","Household","hh2066568",3,"41.7969415934444","-87.5865161890417"
"2066604","Household","hh2066604",2,"41.7958755352091","-87.5853947512678"
"2066689","Household","hh2066689",2,"41.7987787264599","-87.5844370767942"
"2067290","Household","hh2067290",1,"41.7952836988417","-87.581403789505"
"2067307","Household","hh2067307",3,"41.7952876530672","-87.5813365463048"
"2067480","Household","hh2067480",3,"41.7953179659001","-87.580821041934"
"2068053","Household","hh2068053",3,"41.795239609315","-87.5845142117495"
"G170314103001C01","College Dorm","",98,"41.801538418701","-87.599121501109"
"G170314105001C01","College Dorm","",94,"41.797885138259","-87.602691968348"
"G170314106002C01","College Dorm","",348,"41.795634597254","-87.599268743209"
"G170314109001C01","College Dorm","",600,"41.797824620918","-87.585067787560"
